pos,ref,reads_all,matches,mismatches,deletions,insertions,A,C,T,G
1,T,609,609,0,0,0,0,0,609,0
2,C,612,612,0,0,0,0,612,0,0
3,C,637,637,0,0,0,0,637,0,0
4,C,648,623,25,0,0,0,623,24,1
5,G,653,653,0,0,0,0,0,0,653
6,C,655,655,0,0,0,0,655,0,0
7,C,656,621,34,1,3,0,621,32,2
8,G,671,669,0,2,1,0,0,0,669
9,C,671,670,1,0,10,0,670,1,0
10,G,674,668,0,6,1,0,0,0,668
11,G,675,668,4,3,7,2,2,0,668
12,A,684,681,0,3,0,681,0,0,0
13,A,684,684,0,0,0,684,0,0,0
14,A,684,682,2,0,0,682,1,0,1
15,C,686,682,3,1,3,2,682,0,1
16,C,687,685,2,0,15,0,685,2,0
17,G,689,678,4,7,3,0,0,4,678
18,G,689,684,2,3,12,1,1,0,684
19,A,692,632,5,55,0,632,0,0,5
20,A,693,689,2,2,0,689,0,0,2
21,A,693,687,6,0,0,687,2,2,2
22,C,693,658,32,3,1,0,658,31,1
23,G,694,688,3,3,7,1,0,2,688
24,C,694,687,2,5,0,0,687,1,1
25,T,694,691,0,3,3,0,0,691,0
26,C,694,663,23,8,5,0,663,19,4
27,G,694,685,6,3,13,3,1,2,685
28,A,694,686,2,6,0,686,0,1,1
29,A,694,672,18,4,7,672,15,1,2
30,T,694,671,10,13,3,0,6,671,4
31,C,695,680,3,12,0,1,680,1,1
32,T,696,632,44,20,4,0,43,632,1
33,G,696,686,5,5,2,3,0,2,686
34,C,696,686,3,7,4,2,686,1,0
35,C,696,643,49,4,1,0,643,49,0
36,G,699,697,1,1,0,0,0,1,697
37,C,700,697,1,2,2,0,697,1,0
38,C,700,641,55,4,0,0,641,55,0
39,G,701,697,1,3,4,1,0,0,697
40,C,701,687,0,14,1,0,687,0,0
41,T,701,690,5,6,2,4,1,690,0
42,C,702,660,38,4,13,0,660,4,34
43,A,702,692,3,7,4,692,1,0,2
44,T,703,684,15,4,3,2,10,684,3
45,A,703,699,0,4,5,699,0,0,0
46,C,704,691,10,3,1,4,691,5,1
47,T,706,682,17,7,1,0,9,682,8
48,C,707,678,13,16,0,0,678,1,12
49,A,708,704,3,1,2,704,1,0,2
50,C,708,705,1,2,2,1,705,0,0
51,C,708,695,12,1,11,0,695,12,0
52,G,708,694,7,7,5,0,4,3,694
53,A,710,702,6,2,0,702,0,2,4
54,A,711,711,0,0,0,711,0,0,0
55,A,711,710,1,0,0,710,1,0,0
56,C,711,701,10,0,0,2,701,7,1
57,G,711,706,0,5,1,0,0,0,706
58,T,712,705,3,4,2,0,1,705,2
59,G,712,709,1,2,0,0,1,0,709
60,T,713,707,3,3,2,0,3,707,0
61,G,713,683,0,30,3,0,0,0,683
62,G,713,706,3,4,0,1,2,0,706
63,G,713,712,1,0,0,0,1,0,712
64,G,713,681,15,17,4,0,0,15,681
65,C,713,690,4,19,1,0,690,1,3
66,T,713,709,2,2,1,0,2,709,0
67,C,713,651,11,51,5,0,651,9,2
68,G,713,674,6,33,26,4,1,1,674
69,A,714,478,5,231,0,478,3,1,1
70,A,714,598,4,112,1,598,1,2,1
71,A,714,655,4,55,1,655,1,1,2
72,A,714,690,2,22,0,690,1,1,0
73,A,715,698,1,16,0,698,1,0,0
74,A,715,690,9,16,4,690,3,4,2
75,C,715,673,26,16,15,1,673,23,2
76,G,715,632,26,57,0,0,23,3,632
77,G,715,674,14,27,9,1,2,11,674
78,G,715,707,1,7,0,1,0,0,707
79,C,715,679,33,3,4,0,679,33,0
80,G,715,708,3,4,1,2,0,1,708
81,C,715,693,8,14,11,1,693,6,1
82,C,715,652,51,12,11,7,652,26,18
83,A,715,681,11,23,0,681,0,2,9
84,A,715,713,0,2,2,713,0,0,0
85,A,715,698,15,2,0,698,11,1,3
86,C,715,687,23,5,3,10,687,13,0
87,T,715,709,1,5,6,0,0,709,1
88,C,715,698,12,5,16,0,698,12,0
89,C,715,696,17,2,1,0,696,12,5
90,G,715,715,0,0,0,0,0,0,715
91,C,716,704,4,8,0,0,704,4,0
92,C,719,698,21,0,2,0,698,18,3
93,G,719,713,5,1,1,1,1,3,713
94,G,719,716,0,3,2,0,0,0,716
95,C,719,698,19,2,7,2,698,16,1
96,G,719,710,2,7,2,0,1,1,710
97,G,719,715,2,2,0,0,1,1,715
98,C,719,706,10,3,6,0,706,8,2
99,T,719,679,32,8,15,5,5,679,22
100,A,719,712,4,3,5,712,0,2,2
101,T,719,686,30,3,0,2,12,686,16
102,A,719,711,3,5,3,711,2,1,0
103,T,719,694,7,18,2,4,2,694,1
104,T,720,704,15,1,12,0,13,704,2
105,T,721,708,12,1,2,0,12,708,0
106,G,721,695,16,10,10,8,5,3,695
107,A,722,715,5,2,1,715,1,1,3
108,C,722,701,21,0,5,0,701,21,0
109,G,722,693,28,1,6,0,8,20,693
110,A,722,721,1,0,0,721,0,0,1
111,T,722,721,0,1,1,0,0,721,0
112,T,722,700,21,1,3,0,21,700,0
113,G,722,704,17,1,4,4,12,1,704
114,A,723,720,2,1,0,720,0,2,0
115,C,723,717,6,0,0,0,717,6,0
116,G,724,714,5,5,0,2,0,3,714
117,C,724,692,18,14,4,3,692,12,3
118,A,724,704,8,12,3,704,1,5,2
119,A,725,710,15,0,1,710,10,3,2
120,C,725,711,14,0,2,2,711,3,9
121,T,725,706,18,1,10,1,9,706,8
122,A,726,718,2,6,2,718,1,0,1
123,A,726,722,1,3,0,722,1,0,0
124,C,726,712,12,2,0,1,712,9,2
125,A,731,729,0,2,4,729,0,0,0
126,T,731,720,11,0,0,0,10,720,1
127,G,731,709,20,2,2,2,7,11,709
128,A,733,731,0,2,1,731,0,0,0
129,A,734,731,2,1,1,731,1,0,1
130,T,734,725,8,1,0,0,8,725,0
131,G,734,729,3,2,0,1,2,0,729
132,A,734,729,2,3,2,729,0,0,2
133,A,734,734,0,0,2,734,0,0,0
134,T,734,729,5,0,2,1,0,729,4
135,A,736,732,4,0,1,732,1,0,3
136,C,737,731,5,1,1,1,731,1,3
137,G,738,735,2,1,1,0,0,2,735
138,A,738,737,0,1,1,737,0,0,0
139,T,738,735,2,1,2,0,2,735,0
140,A,741,740,0,1,1,740,0,0,0
141,T,742,738,2,2,0,0,0,738,2
142,A,743,739,4,0,0,739,0,0,4
143,C,745,743,2,0,0,0,743,1,1
144,A,745,744,0,1,0,744,0,0,0
145,T,746,745,0,1,1,0,0,745,0
146,C,747,746,1,0,1,0,746,1,0
147,A,747,738,4,5,0,738,0,0,4
148,A,747,746,0,1,0,746,0,0,0
149,A,747,747,0,0,0,747,0,0,0
150,G,749,748,1,0,0,0,0,1,748
151,A,754,751,1,2,0,751,1,0,0
152,C,754,745,7,2,3,0,745,6,1
153,T,754,742,12,0,2,0,0,742,12
154,A,755,754,1,0,1,754,1,0,0
155,T,755,753,1,1,0,0,1,753,0
156,G,755,750,4,1,0,1,1,2,750
157,A,755,755,0,0,2,755,0,0,0
158,T,757,755,2,0,2,0,1,755,1
159,A,757,755,1,1,3,755,0,0,1
160,C,761,754,4,3,2,0,754,3,1
161,G,765,758,3,4,0,1,1,1,758
162,C,766,761,5,0,1,4,761,0,1
163,A,766,764,1,1,0,764,0,0,1
164,G,766,757,6,3,0,4,0,2,757
165,T,766,750,14,2,1,1,11,750,2
166,A,766,765,0,1,0,765,0,0,0
167,T,767,762,4,1,3,0,4,762,0
168,T,767,760,4,3,1,0,3,760,1
169,G,767,752,3,12,0,0,2,1,752
170,C,767,747,2,18,0,0,747,2,0
171,A,768,756,3,9,0,756,0,0,3
172,C,769,765,3,1,1,1,765,0,2
173,A,769,764,1,4,3,764,1,0,0
174,C,769,746,10,13,1,0,746,10,0
175,T,771,743,21,7,2,1,0,743,20
176,G,771,762,4,5,3,0,2,2,762
177,T,772,746,17,9,1,11,1,746,5
178,A,773,771,1,1,0,771,1,0,0
179,C,773,763,7,3,1,1,763,6,0
180,G,774,745,28,1,8,2,21,5,745
181,A,774,772,0,2,0,772,0,0,0
182,G,774,766,5,3,0,4,1,0,766
183,T,775,766,5,4,5,0,4,766,1
184,A,775,758,4,13,0,758,2,0,2
185,A,775,758,14,3,0,758,0,0,14
186,G,775,748,22,5,4,10,3,9,748
187,A,778,773,1,4,0,773,0,0,1
188,G,778,774,1,3,1,0,0,1,774
189,C,779,773,4,2,2,1,773,3,0
190,A,779,779,0,0,1,779,0,0,0
191,C,780,765,11,4,0,1,765,10,0
192,T,780,767,11,2,0,1,8,767,2
193,A,780,774,4,2,1,774,0,0,4
194,G,781,778,3,0,3,2,1,0,778
195,C,781,778,3,0,2,1,778,1,1
196,C,781,777,4,0,0,0,777,2,2
197,A,782,780,1,1,1,780,0,0,1
198,C,782,777,2,3,0,1,777,1,0
199,T,782,779,2,1,1,1,1,779,0
200,G,782,778,4,0,1,2,1,1,778
201,C,784,782,1,1,1,0,782,0,1
202,A,784,782,1,1,0,782,0,0,1
203,C,785,775,6,4,2,2,775,3,1
204,T,786,777,5,4,1,0,3,777,2
205,C,786,768,15,3,6,3,768,3,9
206,A,786,776,5,5,2,776,0,3,2
207,A,786,782,3,1,0,782,0,0,3
208,G,787,784,2,1,15,0,2,0,784
209,T,789,767,20,2,2,0,19,767,1
210,G,790,784,5,1,4,0,5,0,784
211,A,790,779,9,2,1,779,3,0,6
212,A,790,787,1,2,0,787,1,0,0
213,A,790,784,5,1,1,784,1,1,3
214,C,790,784,3,3,2,0,784,2,1
215,C,791,778,13,0,1,1,778,12,0
216,G,791,788,2,1,1,2,0,0,788
217,T,791,790,1,0,1,0,0,790,1
218,T,792,788,2,2,0,0,2,788,0
219,G,793,785,2,6,0,2,0,0,785
220,C,793,775,2,16,0,2,775,0,0
221,C,795,792,1,2,0,1,792,0,0
222,C,796,788,8,0,8,2,788,1,5
223,G,796,770,17,9,0,2,1,14,770
224,G,798,796,0,2,0,0,0,0,796
225,G,798,794,2,2,0,0,0,2,794
226,T,798,792,4,2,1,2,1,792,1
227,A,799,793,4,2,0,793,2,2,0
228,C,799,790,6,3,7,2,790,4,0
229,G,799,758,39,2,5,8,28,3,758
230,A,799,794,2,3,0,794,0,0,2
231,G,799,788,6,5,0,3,0,3,788
232,T,799,788,1,10,0,0,1,788,0
233,A,799,788,5,6,3,788,0,4,1
234,T,800,791,8,1,0,0,5,791,3
235,G,800,788,11,1,7,1,7,3,788
236,A,800,791,6,3,0,791,3,0,3
237,G,800,784,15,1,0,13,0,2,784
238,T,802,795,4,3,2,0,3,795,1
239,A,802,799,3,0,4,799,2,0,1
240,T,804,797,6,1,0,2,4,797,0
241,G,804,799,5,0,1,0,2,3,799
242,T,804,799,3,2,0,0,2,799,1
243,A,805,799,3,3,0,799,1,1,1
244,C,806,801,3,2,1,1,801,0,2
245,A,807,800,6,1,3,800,2,2,2
246,G,811,796,7,8,1,7,0,0,796
247,T,811,802,5,4,0,1,2,802,2
248,A,811,806,3,2,1,806,0,0,3
249,T,812,803,8,1,0,0,6,803,2
250,G,812,807,5,0,1,2,0,3,807
251,T,812,803,5,4,1,0,3,803,2
252,T,813,809,3,1,3,1,2,809,0
253,T,813,804,8,1,7,1,6,804,1
254,A,813,806,5,2,1,806,2,1,2
255,G,815,805,6,4,2,4,1,1,805
256,T,815,803,10,2,0,1,8,803,1
257,A,815,811,4,0,2,811,1,1,2
258,T,815,812,2,1,1,0,2,812,0
259,T,815,812,1,2,4,0,0,812,1
260,G,815,806,7,2,0,1,6,0,806
261,T,815,806,6,3,0,3,3,806,0
262,A,815,808,6,1,2,808,1,2,3
263,C,816,806,7,3,2,4,806,1,2
264,T,816,805,7,4,2,2,5,805,0
265,T,816,814,1,1,0,0,1,814,0
266,G,817,808,0,9,1,0,0,0,808
267,G,817,806,2,9,1,1,0,1,806
268,A,817,813,0,4,0,813,0,0,0
269,C,817,811,4,2,1,1,811,3,0
270,A,817,812,2,3,5,812,0,0,2
271,G,817,810,3,4,1,3,0,0,810
272,T,817,815,1,1,0,0,1,815,0
273,G,817,816,0,1,1,0,0,0,816
274,C,817,816,0,1,1,0,816,0,0
275,T,817,805,1,11,0,0,0,805,1
276,T,818,805,5,8,0,0,5,805,0
277,G,818,805,5,8,1,3,1,1,805
278,T,818,804,11,3,6,6,1,804,4
279,A,818,812,3,3,6,812,2,1,0
280,T,819,813,0,6,3,0,0,813,0
281,C,819,797,17,5,6,2,797,8,7
282,G,819,793,8,18,5,4,1,3,793
283,T,819,788,22,9,2,10,8,788,4
284,A,820,813,4,3,0,813,0,1,3
285,C,820,807,11,2,0,0,807,4,7
286,A,820,813,5,2,16,813,1,3,1
287,T,820,812,4,4,0,0,2,812,2
288,T,820,814,4,2,2,2,2,814,0
289,C,820,800,7,13,0,2,800,5,0
290,T,821,810,8,3,3,1,1,810,6
291,C,822,787,12,23,11,2,787,6,4
292,A,822,800,9,13,2,800,1,0,8
293,A,823,817,4,2,2,817,1,1,2
294,G,823,817,2,4,6,1,1,0,817
295,T,823,809,12,2,0,1,11,809,0
296,G,823,817,5,1,7,2,2,1,817
297,T,823,819,3,1,3,0,2,819,1
298,C,823,796,21,6,3,4,796,15,2
299,A,824,810,6,8,4,810,0,1,5
300,A,824,817,3,4,0,817,0,1,2
301,A,824,815,4,5,0,815,1,1,2
302,C,824,808,12,4,0,3,808,5,4
303,A,824,822,0,2,2,822,0,0,0
304,T,824,820,2,2,0,0,0,820,2
305,A,824,816,2,6,2,816,0,0,2
306,A,825,820,4,1,0,820,1,1,2
307,A,825,823,2,0,0,823,1,0,1
308,T,825,820,5,0,0,0,5,820,0
309,A,825,824,1,0,1,824,1,0,0
310,T,826,824,2,0,3,0,2,824,0
311,C,827,826,1,0,0,0,826,1,0
312,C,828,826,2,0,2,0,826,2,0
313,G,828,827,1,0,0,0,0,1,827
314,T,828,827,1,0,1,0,0,827,1
315,T,828,823,4,1,1,0,3,823,1
316,G,829,822,5,2,1,4,0,1,822
317,C,832,824,7,1,4,1,824,5,1
318,T,832,807,13,12,1,0,5,807,8
319,A,832,826,1,5,0,826,1,0,0
320,T,832,829,2,1,1,0,2,829,0
321,A,831,830,0,1,2,830,0,0,0
322,T,832,827,0,5,1,0,0,827,0
323,C,833,830,1,2,4,0,830,1,0
324,C,832,829,1,2,1,0,829,1,0
325,T,832,822,4,6,0,0,3,822,1
326,C,832,828,1,3,5,0,828,1,0
327,G,837,822,8,7,0,4,0,4,822
328,C,836,831,3,2,0,0,831,3,0
329,A,836,834,1,1,1,834,0,1,0
330,C,836,832,3,1,1,0,832,3,0
331,C,835,829,6,0,0,0,829,4,2
332,A,836,835,1,0,0,835,0,0,1
333,C,836,836,0,0,1,0,836,0,0
334,C,836,833,3,0,1,0,833,0,3
335,A,838,836,1,1,0,836,0,0,1
336,C,838,829,8,1,2,0,829,7,1
337,G,838,825,4,9,1,2,1,1,825
338,T,838,827,8,3,2,0,8,827,0
339,A,838,835,2,1,1,835,2,0,0
340,G,838,834,3,1,0,3,0,0,834
341,C,845,841,1,3,2,0,841,0,1
342,T,850,842,4,4,3,0,4,842,0
343,C,849,842,2,5,5,0,842,1,1
344,G,849,848,0,1,0,0,0,0,848
345,C,849,839,4,6,2,2,839,2,0
346,T,849,829,15,5,1,0,8,829,7
347,A,849,847,0,2,0,847,0,0,0
348,T,849,845,4,0,0,0,3,845,1
349,A,850,848,1,1,0,848,0,0,1
350,T,850,848,1,1,0,0,1,848,0
351,C,851,848,2,1,0,0,848,1,1
352,C,854,852,2,0,1,0,852,0,2
353,C,858,855,1,2,1,0,855,1,0
354,T,857,837,2,18,4,0,1,837,1
355,G,858,853,0,5,1,0,0,0,853
356,T,857,850,7,0,0,1,5,850,1
357,G,851,843,0,8,1,0,0,0,843
358,T,854,850,2,2,1,0,2,850,0
359,T,854,816,38,0,4,1,36,816,1
360,G,854,841,13,0,0,1,4,8,841
361,A,855,835,4,16,1,835,0,3,1
362,A,855,850,2,3,3,850,1,1,0
363,T,855,847,5,3,1,0,4,847,1
364,C,855,847,5,3,10,1,847,0,4
365,C,855,836,17,2,3,2,836,7,8
366,A,855,854,0,1,2,854,0,0,0
367,T,857,855,2,0,2,0,2,855,0
368,C,853,836,4,13,2,0,836,2,2
369,C,854,834,20,0,3,0,834,3,17
370,A,854,848,5,1,6,848,2,0,3
371,T,854,840,2,12,1,2,0,840,0
372,C,854,851,2,1,3,0,851,2,0
373,T,853,844,7,2,2,0,4,844,3
374,T,856,851,3,2,4,0,2,851,1
375,G,856,837,6,13,1,0,3,3,837
376,G,856,847,8,1,1,0,6,2,847
377,A,857,857,0,0,0,857,0,0,0
378,T,856,850,3,3,1,1,2,850,0
379,T,856,847,9,0,1,0,8,847,1
380,G,856,847,7,2,1,4,3,0,847
381,C,856,854,0,2,0,0,854,0,0
382,C,855,854,1,0,3,1,854,0,0
383,A,855,843,10,2,0,843,2,1,7
384,A,855,850,4,1,0,850,0,2,2
385,T,854,846,2,6,0,1,1,846,0
386,T,853,846,6,1,9,0,6,846,0
387,G,853,846,7,0,0,2,4,1,846
388,T,853,843,5,5,1,1,4,843,0
389,G,853,844,5,4,1,1,4,0,844
390,C,853,807,4,42,2,1,807,2,1
391,A,853,808,9,36,2,808,2,0,7
392,C,853,839,6,8,2,0,839,4,2
393,A,853,840,8,5,2,840,3,0,5
394,C,852,839,9,4,1,0,839,5,4
395,A,852,843,3,6,0,843,0,0,3
396,G,850,829,10,11,1,0,1,9,829
397,A,850,845,1,4,0,845,0,1,0
398,A,852,849,3,0,1,849,2,0,1
399,C,852,844,2,6,1,1,844,1,0
400,C,853,847,6,0,12,0,847,3,3
401,G,853,838,9,6,0,1,0,8,838
402,G,852,846,5,1,1,1,0,4,846
403,G,849,835,8,6,2,3,1,4,835
404,C,849,816,21,12,7,6,816,9,6
405,A,847,841,4,2,4,841,1,1,2
406,C,847,835,9,3,3,5,835,3,1
407,T,848,831,13,4,2,0,11,831,2
408,C,848,819,22,7,2,1,819,10,11
409,A,848,838,7,3,2,838,0,0,7
410,C,848,844,2,2,0,0,844,1,1
411,T,848,839,4,5,0,0,3,839,1
412,T,850,846,1,3,4,0,1,846,0
413,C,850,823,3,24,0,0,823,1,2
414,C,850,844,2,4,0,1,844,1,0
415,C,851,850,0,1,7,0,850,0,0
416,C,848,838,10,0,17,1,838,1,8
417,A,848,848,0,0,4,848,0,0,0
418,T,850,848,0,2,7,0,0,848,0
419,C,846,835,6,5,6,0,835,5,1
420,C,846,810,35,1,6,1,810,3,31
421,A,846,842,2,2,0,842,0,2,0
422,C,847,843,4,0,2,0,843,2,2
423,A,847,843,0,4,6,843,0,0,0
424,C,847,834,7,6,3,0,834,7,0
425,T,847,841,3,3,0,1,1,841,1
426,T,847,839,7,1,8,0,7,839,0
427,C,848,844,0,4,3,0,844,0,0
428,C,849,843,0,6,1,0,843,0,0
429,T,849,844,1,4,2,0,0,844,1
430,C,850,844,3,3,7,1,844,1,1
431,A,850,841,0,9,3,841,0,0,0
432,G,852,845,1,6,0,0,0,1,845
433,G,852,849,1,2,6,1,0,0,849
434,C,852,844,4,4,3,0,844,4,0
435,G,852,837,14,1,3,0,9,5,837
436,G,852,850,1,1,1,0,0,1,850
437,C,853,846,4,3,10,0,846,0,4
438,C,853,833,3,17,0,0,833,3,0
439,T,853,830,0,23,0,0,0,830,0
440,T,854,833,1,20,0,0,0,833,1
441,C,854,826,4,24,0,1,826,2,1
442,T,854,836,5,13,1,0,3,836,2
443,T,854,835,3,16,5,2,1,835,0
444,C,854,815,6,33,0,0,815,5,1
445,C,855,835,5,15,4,1,835,3,1
446,G,854,842,1,11,3,1,0,0,842
447,C,852,849,2,1,0,0,849,2,0
448,T,852,817,31,4,2,0,31,817,0
449,G,852,840,4,8,1,2,0,2,840
450,C,852,844,2,6,0,1,844,0,1
451,C,851,834,10,7,7,5,834,3,2
452,G,851,823,8,20,2,1,1,6,823
453,G,849,847,1,1,0,0,0,1,847
454,G,846,835,6,5,3,0,2,4,835
455,C,846,822,19,5,4,0,822,17,2
456,G,846,821,17,8,3,10,5,2,821
457,G,846,839,2,5,4,1,0,1,839
458,T,846,829,1,16,1,0,1,829,0
459,C,846,823,15,8,4,8,823,3,4
460,T,846,829,3,14,2,3,0,829,0
461,T,848,845,2,1,1,1,1,845,0
462,C,848,843,3,2,6,0,843,2,1
463,A,848,828,6,14,4,828,2,0,4
464,G,849,819,19,11,0,16,0,3,819
465,G,849,845,1,3,0,0,0,1,845
466,G,849,838,8,3,1,5,3,0,838
467,A,849,813,24,12,9,813,2,1,21
468,A,847,826,17,4,1,826,1,0,16
469,T,847,822,23,2,8,2,6,822,15
470,A,846,819,16,11,3,819,12,0,4
471,G,846,826,10,10,5,4,3,3,826
472,A,846,834,5,7,1,834,1,1,3
473,C,846,837,4,5,6,1,837,0,3
474,C,846,837,6,3,2,0,837,6,0
475,T,847,837,3,7,0,0,2,837,1
476,T,847,839,4,4,6,0,4,839,0
477,C,847,842,0,5,2,0,842,0,0
478,C,847,842,2,3,8,0,842,2,0
479,G,847,842,5,0,0,5,0,0,842
480,C,847,837,3,7,0,0,837,2,1
481,T,846,837,3,6,3,1,2,837,0
482,C,846,836,6,4,1,0,836,5,1
483,C,846,839,3,4,2,0,839,2,1
484,T,844,833,0,11,0,0,0,833,0
485,T,844,842,1,1,4,1,0,842,0
486,C,844,829,3,12,6,0,829,2,1
487,A,844,832,0,12,2,832,0,0,0
488,G,845,831,0,14,2,0,0,0,831
489,G,841,837,1,3,2,1,0,0,837
490,G,840,829,9,2,2,8,1,0,829
491,C,840,833,4,3,2,0,833,2,2
492,A,840,818,19,3,1,818,1,1,17
493,T,840,835,4,1,1,3,1,835,0
494,A,840,810,10,20,10,810,5,0,5
495,C,840,829,4,7,0,1,829,2,1
496,C,839,828,7,4,2,2,828,3,2
497,G,839,828,9,2,0,5,2,2,828
498,G,840,839,1,0,5,0,1,0,839
499,T,838,833,3,2,0,3,0,833,0
500,T,838,833,3,2,5,0,3,833,0
501,C,838,829,6,3,3,0,829,2,4
502,A,837,828,1,8,2,828,1,0,0
503,G,837,828,3,6,1,2,1,0,828
504,G,839,837,1,1,2,1,0,0,837
505,C,840,831,0,9,1,0,831,0,0
506,C,840,830,9,1,4,2,830,7,0
507,G,839,831,6,2,1,3,1,2,831
508,G,839,837,2,0,0,0,2,0,837
509,C,836,833,2,1,3,0,833,1,1
510,C,834,829,5,0,4,0,829,0,5
511,A,832,829,1,2,10,829,1,0,0
512,G,830,822,2,6,1,2,0,0,822
513,G,828,822,3,3,1,1,1,1,822
514,T,827,809,14,4,1,1,9,809,4
515,G,827,788,30,9,2,9,18,3,788
516,G,826,819,4,3,2,3,1,0,819
517,A,827,822,3,2,1,822,1,1,1
518,T,825,815,2,8,3,1,1,815,0
519,C,824,811,9,4,0,5,811,4,0
520,T,824,809,3,12,1,0,2,809,1
521,T,825,817,7,1,4,0,7,817,0
522,C,825,814,2,9,0,0,814,1,1
523,C,825,820,2,3,12,0,820,1,1
524,G,824,816,0,8,6,0,0,0,816
525,C,825,748,54,23,1,3,748,0,51
526,A,821,787,10,24,4,787,0,0,10
527,G,819,760,43,16,0,3,38,2,760
528,A,818,790,7,21,3,790,1,0,6
529,T,817,755,43,19,2,0,4,755,39
530,A,818,800,11,7,2,800,4,1,6
531,C,818,810,3,5,2,1,810,0,2
532,A,817,810,4,3,2,810,0,0,4
533,G,817,808,2,7,0,1,1,0,808
534,C,817,810,4,3,1,0,810,4,0
535,T,817,808,6,3,7,0,6,808,0
536,C,818,804,4,10,0,0,804,4,0
537,C,818,818,0,0,3,0,818,0,0
538,C,817,812,3,2,4,1,812,0,2
539,A,817,810,1,6,1,810,0,0,1
540,G,816,815,0,1,7,0,0,0,815
541,T,815,813,1,1,0,0,1,813,0
542,C,814,795,18,1,1,0,795,14,4
543,G,815,778,35,2,0,0,34,1,778
544,A,816,814,1,1,2,814,0,0,1
545,T,814,811,2,1,6,1,1,811,0
546,C,814,801,11,2,16,0,801,1,10
547,A,814,805,6,3,0,805,2,0,4
548,G,812,807,2,3,6,2,0,0,807
549,T,812,808,3,1,0,1,2,808,0
550,C,812,797,9,6,10,0,797,9,0
551,G,812,780,9,23,1,1,4,4,780
552,G,812,807,2,3,0,1,1,0,807
553,G,811,809,1,1,0,0,0,1,809
554,C,811,796,13,2,0,0,796,13,0
555,G,810,801,9,0,6,8,1,0,801
556,T,808,806,1,1,5,0,1,806,0
557,C,808,801,6,1,1,0,801,3,3
558,G,807,794,13,0,1,5,7,1,794
559,A,807,806,0,1,2,806,0,0,0
560,C,807,798,7,2,5,1,798,3,3
561,G,807,738,13,56,1,5,5,3,738
562,G,808,790,5,13,2,0,2,3,790
563,G,808,806,1,1,1,1,0,0,806
564,G,806,796,10,0,2,8,1,1,796
565,A,806,798,4,4,1,798,0,2,2
566,A,806,791,14,1,1,791,0,2,12
567,C,806,800,5,1,1,2,800,1,2
568,A,806,791,8,7,2,791,3,1,4
569,G,806,796,5,5,2,4,0,1,796
570,G,805,800,4,1,0,1,2,1,800
571,C,805,794,7,4,1,2,794,1,4
572,C,805,804,1,0,3,0,804,1,0
573,C,805,798,5,2,1,0,798,4,1
574,T,805,793,5,7,0,1,3,793,1
575,T,805,797,5,3,5,0,4,797,1
576,G,804,797,2,5,6,0,1,1,797
577,T,804,801,2,1,1,1,1,801,0
578,C,804,798,5,1,3,0,798,4,1
579,G,803,789,10,4,1,0,8,2,789
580,A,803,800,2,1,3,800,2,0,0
581,C,803,797,3,3,2,3,797,0,0
582,C,805,801,2,2,1,0,801,1,1
583,T,806,796,3,7,4,0,2,796,1
584,C,806,795,7,4,1,1,795,4,2
585,G,806,799,4,3,6,2,1,1,799
586,C,806,795,8,3,1,2,795,1,5
587,C,806,802,4,0,1,0,802,3,1
588,C,805,797,8,0,2,0,797,3,5
589,A,805,804,1,0,0,804,1,0,0
590,T,805,803,2,0,0,0,0,803,2
591,C,808,806,1,1,0,0,806,1,0
592,C,808,801,4,3,1,0,801,2,2
593,G,808,803,2,3,1,1,0,1,803
594,G,808,806,1,1,2,0,1,0,806
595,T,808,804,1,3,0,0,1,804,0
596,T,807,794,12,1,3,0,12,794,0
597,G,806,798,4,4,0,0,4,0,798
598,G,806,802,1,3,0,0,1,0,802
599,C,806,803,0,3,0,0,803,0,0
600,C,805,802,2,1,1,0,802,0,2
601,A,804,796,1,7,1,796,1,0,0
602,G,805,798,5,2,0,3,0,2,798
603,G,805,804,1,0,0,0,1,0,804
604,G,803,802,0,1,0,0,0,0,802
605,C,803,802,0,1,0,0,802,0,0
606,C,803,800,1,2,0,0,800,0,1
607,A,803,800,1,2,0,800,0,0,1
608,T,803,801,0,2,1,0,0,801,0
609,C,802,791,8,3,2,0,791,1,7
610,A,802,793,8,1,2,793,0,0,8
611,G,802,799,0,3,2,0,0,0,799
612,C,802,799,1,2,4,0,799,1,0
613,T,802,797,1,4,1,0,0,797,1
614,C,802,796,3,3,2,0,796,1,2
615,G,802,801,0,1,1,0,0,0,801
616,T,801,794,6,1,0,2,4,794,0
617,C,801,784,14,3,0,2,784,9,3
618,G,800,795,0,5,2,0,0,0,795
619,T,800,795,1,4,0,1,0,795,0
620,T,800,794,3,3,0,0,2,794,1
621,C,801,797,1,3,1,0,797,1,0
622,C,801,795,6,0,7,1,795,5,0
623,G,802,798,1,3,0,1,0,0,798
624,G,802,802,0,0,0,0,0,0,802
625,A,802,790,8,4,0,790,0,1,7
626,A,801,799,1,1,2,799,0,0,1
627,G,801,796,5,0,0,1,4,0,796
628,A,801,778,3,20,0,778,0,0,3
629,T,801,777,9,15,0,0,4,777,5
630,A,801,788,11,2,0,788,4,0,7
631,T,801,788,8,5,4,0,0,788,8
632,A,801,754,47,0,5,754,40,0,7
633,G,802,795,4,3,0,4,0,0,795
634,T,802,793,8,1,2,0,8,793,0
635,C,801,783,1,17,8,0,783,0,1
636,A,802,785,5,12,0,785,2,1,2
637,G,804,797,0,7,0,0,0,0,797
638,G,804,798,4,2,1,2,1,1,798
639,A,804,799,0,5,1,799,0,0,0
640,G,803,797,2,4,1,1,0,1,797
641,C,803,801,2,0,10,0,801,2,0
642,G,801,789,7,5,2,5,1,1,789
643,G,802,798,2,2,4,1,1,0,798
644,T,802,749,7,46,5,3,3,749,1
645,A,802,749,25,28,4,749,4,1,20
646,T,802,779,14,9,16,1,5,779,8
647,A,802,779,16,7,3,779,13,2,1
648,G,805,794,10,1,3,3,7,0,794
649,A,806,789,6,11,0,789,0,0,6
650,A,807,805,2,0,0,805,1,0,1
651,G,808,804,3,1,3,2,0,1,804
652,C,808,795,1,12,0,0,795,0,1
653,C,808,801,6,1,2,1,801,5,0
654,G,808,800,3,5,1,3,0,0,800
655,A,808,786,1,21,1,786,0,0,1
656,A,806,804,2,0,1,804,0,1,1
657,G,804,804,0,0,0,0,0,0,804
658,A,804,802,2,0,2,802,0,1,1
659,T,804,796,5,3,0,2,3,796,0
660,G,804,799,1,4,0,1,0,0,799
661,G,804,801,3,0,0,2,1,0,801
662,T,803,798,5,0,1,0,5,798,0
663,G,803,798,3,2,0,0,3,0,798
664,G,803,798,3,2,0,2,0,1,798
665,C,804,801,1,2,0,0,801,1,0
666,C,805,802,3,0,1,0,802,0,3
667,A,805,799,4,2,6,799,0,1,3
668,G,804,793,5,6,0,5,0,0,793
669,G,802,801,0,1,1,0,0,0,801
670,G,802,788,13,1,2,5,5,3,788
671,A,801,797,4,0,0,797,0,3,1
672,C,800,789,4,7,1,0,789,4,0
673,T,800,782,7,11,4,1,2,782,4
674,G,800,768,4,28,0,0,2,2,768
675,G,800,798,1,1,1,0,0,1,798
676,G,800,797,3,0,2,1,2,0,797
677,T,800,777,21,2,3,3,15,777,3
678,G,800,792,6,2,0,1,3,2,792
679,G,800,787,10,3,0,9,0,1,787
680,T,800,787,11,2,0,0,11,787,0
681,G,799,792,5,2,2,2,2,1,792
682,T,799,794,4,1,2,0,3,794,1
683,C,799,793,2,4,0,0,793,2,0
684,C,799,795,3,1,1,0,795,0,3
685,A,799,798,0,1,0,798,0,0,0
686,G,799,796,1,2,1,1,0,0,796
687,G,798,791,4,3,3,0,1,3,791
688,T,798,792,4,2,0,0,4,792,0
689,T,798,785,12,1,1,8,3,785,1
690,C,799,788,2,9,0,1,788,1,0
691,C,799,798,0,1,6,0,798,0,0
692,G,800,795,3,2,2,0,1,2,795
693,C,800,791,5,4,6,1,791,1,3
694,A,800,793,6,1,0,793,0,0,6
695,G,800,795,2,3,2,2,0,0,795
696,C,799,797,1,1,0,0,797,0,1
697,A,799,793,5,1,3,793,1,0,4
698,T,799,792,1,6,1,0,1,792,0
699,C,799,792,4,3,2,1,792,2,1
700,T,799,795,1,3,0,0,0,795,1
701,T,798,798,0,0,7,0,0,798,0
702,C,798,795,2,1,2,0,795,1,1
703,A,798,797,1,0,1,797,1,0,0
704,G,800,799,0,1,0,0,0,0,799
705,G,797,797,0,0,0,0,0,0,797
706,T,797,796,1,0,1,0,0,796,1
707,C,798,777,3,18,0,0,777,1,2
708,C,798,798,0,0,0,0,798,0,0
709,C,797,790,6,1,34,5,790,0,1
710,G,797,770,7,20,2,0,2,5,770
711,G,796,794,0,2,2,0,0,0,794
712,G,796,777,17,2,5,7,4,6,777
713,A,794,789,4,1,3,789,0,3,1
714,G,793,781,10,2,2,9,1,0,781
715,T,795,782,7,6,2,5,2,782,0
716,T,795,767,26,2,3,0,25,767,1
717,G,795,789,1,5,5,0,1,0,789
718,C,797,784,3,10,0,2,784,1,0
719,C,798,796,0,2,1,0,796,0,0
720,C,798,778,16,4,8,1,778,0,15
721,A,798,789,5,4,2,789,0,1,4
722,G,797,787,7,3,1,6,0,1,787
723,C,797,786,7,4,2,2,786,1,4
724,A,797,784,11,2,2,784,0,0,11
725,G,798,793,2,3,1,1,1,0,793
726,C,798,792,4,2,2,1,792,3,0
727,T,799,782,3,14,2,1,2,782,0
728,T,799,787,9,3,3,0,7,787,2
729,C,799,794,1,4,2,0,794,0,1
730,A,799,788,5,6,2,788,3,0,2
731,G,802,791,3,8,1,2,1,0,791
732,G,802,800,1,1,1,0,0,1,800
733,A,802,799,2,1,0,799,0,1,1
734,C,802,790,1,11,0,0,790,0,1
735,C,802,801,0,1,1,0,801,0,0
736,C,801,795,3,3,6,0,795,0,3
737,G,801,789,5,7,1,1,3,1,789
738,G,799,794,3,2,5,0,1,2,794
739,T,798,793,3,2,0,0,1,793,2
740,C,798,777,14,7,2,1,777,2,11
741,G,797,778,13,6,3,9,4,0,778
742,G,797,795,2,0,0,2,0,0,795
743,T,797,794,2,1,8,2,0,794,0
744,C,796,784,6,6,4,2,784,0,4
745,A,796,772,8,16,5,772,6,0,2
746,G,796,759,10,27,1,6,4,0,759
747,G,796,790,0,6,0,0,0,0,790
748,G,796,791,2,3,0,2,0,0,791
749,A,796,791,2,3,0,791,1,0,1
750,C,796,793,1,2,5,1,793,0,0
751,A,796,775,3,18,1,775,1,0,2
752,G,797,790,4,3,0,2,1,1,790
753,A,796,786,3,7,4,786,0,0,3
754,G,796,791,1,4,2,1,0,0,791
755,G,796,795,0,1,0,0,0,0,795
756,C,796,788,5,3,2,1,788,2,2
757,A,796,790,6,0,1,790,4,0,2
758,G,796,794,1,1,3,1,0,0,794
759,T,796,792,4,0,2,2,2,792,0
760,C,796,784,12,0,10,0,784,9,3
761,G,797,795,1,1,0,0,1,0,795
762,G,797,797,0,0,2,0,0,0,797
763,A,796,795,0,1,0,795,0,0,0
764,C,795,784,7,4,2,0,784,7,0
765,G,797,792,2,3,1,2,0,0,792
766,C,797,794,1,2,0,1,794,0,0
767,C,797,790,7,0,3,0,790,6,1
768,G,797,795,1,1,1,1,0,0,795
769,G,797,794,2,1,4,2,0,0,794
770,A,795,790,3,2,1,790,0,0,3
771,G,794,788,4,2,2,0,2,2,788
772,A,794,791,2,1,0,791,0,0,2
773,T,794,789,5,0,3,0,5,789,0
774,G,794,788,3,3,3,0,3,0,788
775,A,795,783,9,3,0,783,4,0,5
776,C,796,793,2,1,0,1,793,0,1
777,C,796,789,7,0,8,0,789,0,7
778,A,796,793,2,1,2,793,1,0,1
779,G,796,792,0,4,2,0,0,0,792
780,G,794,789,3,2,7,1,1,1,789
781,T,793,790,0,3,0,0,0,790,0
782,C,793,780,8,5,2,0,780,5,3
783,G,794,780,2,12,5,1,1,0,780
784,A,795,779,0,16,2,779,0,0,0
785,A,795,790,2,3,2,790,0,1,1
786,C,795,780,12,3,5,1,780,1,10
787,A,795,787,4,4,3,787,2,0,2
788,G,794,773,16,5,2,1,5,10,773
789,A,793,788,4,1,3,788,2,2,0
790,G,793,785,5,3,2,2,3,0,785
791,C,792,785,3,4,2,1,785,2,0
792,T,792,786,6,0,4,1,4,786,1
793,C,792,774,11,7,5,1,774,7,3
794,G,792,783,4,5,1,2,2,0,783
795,G,792,790,2,0,3,1,0,1,790
796,T,791,786,4,1,2,1,3,786,0
797,T,790,775,15,0,8,3,12,775,0
798,G,789,778,11,0,0,2,3,6,778
799,A,790,789,1,0,2,789,1,0,0
800,C,790,776,12,2,2,1,776,9,2
801,G,790,784,4,2,1,2,1,1,784
802,G,790,786,2,2,1,1,0,1,786
803,C,790,788,0,2,0,0,788,0,0
804,C,789,779,10,0,2,1,779,0,9
805,A,788,783,4,1,4,783,1,1,2
806,G,788,778,2,8,0,2,0,0,778
807,G,787,784,1,2,2,0,0,1,784
808,A,787,770,12,5,0,770,2,0,10
809,A,787,776,6,5,1,776,0,4,2
810,G,788,774,1,13,3,1,0,0,774
811,G,788,779,3,6,3,2,1,0,779
812,G,788,777,10,1,2,3,3,4,777
813,C,788,776,11,1,0,0,776,8,3
814,T,788,765,10,13,4,0,10,765,0
815,T,788,779,8,1,10,0,8,779,0
816,G,788,784,0,4,3,0,0,0,784
817,G,788,769,17,2,7,3,9,5,769
818,A,788,784,2,2,6,784,1,0,1
819,G,788,780,3,5,0,2,1,0,780
820,G,788,780,4,4,4,2,1,1,780
821,G,788,784,3,1,2,3,0,0,784
822,C,787,781,2,4,2,0,781,2,0
823,T,787,772,13,2,0,1,11,772,1
824,G,788,778,4,6,1,2,1,1,778
825,C,789,785,1,3,1,0,785,0,1
826,C,788,785,1,2,3,1,785,0,0
827,G,787,770,13,4,3,2,6,5,770
828,A,787,785,0,2,1,785,0,0,0
829,T,787,783,2,2,5,0,1,783,1
830,A,788,776,5,7,1,776,5,0,0
831,G,788,776,3,9,3,0,2,1,776
832,A,788,783,1,4,0,783,0,1,0
833,A,788,783,4,1,1,783,1,0,3
834,C,788,787,1,0,2,0,787,0,1
835,A,788,785,0,3,1,785,0,0,0
836,G,788,788,0,0,0,0,0,0,788
837,G,788,788,0,0,1,0,0,0,788
838,T,788,784,4,0,2,0,4,784,0
839,G,787,785,2,0,0,1,1,0,785
840,G,787,786,1,0,0,0,1,0,786
841,T,787,785,2,0,0,0,2,785,0
842,C,786,779,7,0,1,1,779,0,6
843,A,786,785,0,1,0,785,0,0,0
844,T,785,780,3,2,0,0,1,780,2
845,A,785,775,10,0,6,775,10,0,0
846,G,786,782,2,2,0,2,0,0,782
847,G,787,785,0,2,4,0,0,0,785
848,C,787,782,3,2,0,0,782,2,1
849,G,786,783,3,0,0,0,1,2,783
850,G,786,780,4,2,1,4,0,0,780
851,C,786,774,5,7,3,2,774,0,3
852,A,786,782,1,3,3,782,0,0,1
853,T,786,768,14,4,2,1,2,768,11
854,A,786,779,7,0,1,779,7,0,0
855,G,786,783,2,1,1,1,1,0,783
856,T,787,777,7,3,3,0,6,777,1
857,T,787,761,26,0,4,0,24,761,2
858,G,787,782,5,0,1,0,4,1,782
859,G,787,787,0,0,1,0,0,0,787
860,C,784,783,0,1,1,0,783,0,0
861,C,784,780,3,1,0,1,780,0,2
862,T,784,777,4,3,0,0,4,777,0
863,T,785,783,1,1,3,0,1,783,0
864,G,785,782,2,1,0,0,2,0,782
865,G,785,781,3,1,0,1,1,1,781
866,A,785,783,0,2,4,783,0,0,0
867,C,785,781,0,4,1,0,781,0,0
868,T,786,779,1,6,2,1,0,779,0
869,C,786,765,14,7,2,1,765,5,8
870,G,787,786,0,1,0,0,0,0,786
871,G,787,786,0,1,0,0,0,0,786
872,C,787,781,5,1,2,1,781,4,0
873,C,786,781,3,2,1,0,781,0,3
874,A,786,784,1,1,2,784,0,0,1
875,T,786,783,3,0,0,1,1,783,1
876,C,785,781,1,3,1,0,781,1,0
877,A,785,778,2,5,3,778,0,1,1
878,G,784,781,0,3,0,0,0,0,781
879,G,786,785,1,0,2,0,0,1,785
880,T,786,784,1,1,2,0,0,784,1
881,G,786,783,3,0,1,1,2,0,783
882,G,786,783,3,0,1,3,0,0,783
883,T,786,784,1,1,0,1,0,784,0
884,C,785,775,8,2,0,2,775,0,6
885,G,784,777,6,1,2,6,0,0,777
886,A,784,781,1,2,1,781,0,1,0
887,T,783,780,0,3,3,0,0,780,0
888,G,782,770,9,3,3,0,9,0,770
889,A,780,744,26,10,0,744,1,0,25
890,A,778,758,16,4,5,758,2,0,14
891,C,777,764,9,4,7,0,764,5,4
892,T,777,763,10,4,4,1,8,763,1
893,C,777,735,39,3,1,4,735,1,34
894,G,777,754,11,12,4,7,4,0,754
895,C,783,743,16,24,1,15,743,0,1
896,C,783,780,0,3,0,0,780,0,0
897,C,782,729,27,26,3,0,729,0,27
898,A,782,747,3,32,1,747,0,0,3
899,G,782,738,2,42,1,2,0,0,738
900,G,776,773,1,2,2,0,1,0,773
901,G,776,768,5,3,5,0,4,1,768
902,A,776,767,5,4,0,767,0,0,5
903,G,775,760,11,4,1,1,9,1,760
904,A,775,768,2,5,0,768,1,0,1
905,T,774,745,21,8,7,0,6,745,15
906,A,775,712,28,35,4,712,20,1,7
907,G,775,755,16,4,3,10,6,0,755
908,G,776,766,8,2,13,7,0,1,766
909,G,773,750,20,3,3,13,2,5,750
910,T,773,754,16,3,10,6,8,754,2
911,T,773,751,16,6,7,2,13,751,1
912,G,774,748,12,14,5,5,5,2,748
913,C,775,718,4,53,6,0,718,0,4
914,C,774,751,13,10,5,0,751,10,3
915,T,774,763,4,7,7,0,3,763,1
916,C,774,754,1,19,5,0,754,1,0
917,C,774,765,4,5,0,0,765,4,0
918,T,775,774,0,1,17,0,0,774,0
919,C,777,762,3,12,3,1,762,2,0
920,C,777,766,4,7,12,1,766,2,1
921,G,777,768,0,9,3,0,0,0,768
922,G,776,757,14,5,5,2,11,1,757
923,A,773,769,1,3,1,769,0,0,1
924,G,773,762,6,5,0,5,0,1,762
925,C,773,767,4,2,1,1,767,1,2
926,A,774,768,6,0,2,768,0,2,4
927,G,775,773,1,1,0,0,1,0,773
928,C,775,767,6,2,5,1,767,3,2
929,A,775,765,10,0,7,765,1,0,9
930,C,775,771,0,4,4,0,771,0,0
931,T,775,742,14,19,6,1,11,742,2
932,G,775,762,11,2,5,3,7,1,762
933,A,775,764,2,9,17,764,0,0,2
934,T,774,746,17,11,14,10,5,746,2
935,A,774,730,34,10,1,730,31,0,3
936,G,773,746,23,4,4,15,5,3,746
937,A,773,760,3,10,6,760,1,2,0
938,T,774,742,14,18,7,2,3,742,9
939,T,774,751,17,6,4,2,14,751,1
940,C,774,758,7,9,2,0,758,6,1
941,G,775,765,5,5,4,3,1,1,765
942,T,774,769,5,0,0,0,3,769,2
943,C,774,756,17,1,5,3,756,10,4
944,G,774,769,5,0,2,2,1,2,769
945,T,774,769,4,1,0,0,0,769,4
946,C,774,765,7,2,0,1,765,4,2
947,G,773,762,8,3,1,2,4,2,762
948,T,774,768,4,2,0,1,2,768,1
949,C,775,761,8,6,2,1,761,6,1
950,C,775,769,6,0,1,1,769,0,5
951,A,774,771,2,1,1,771,1,0,1
952,G,773,768,1,4,3,0,0,1,768
953,G,772,770,2,0,0,0,2,0,770
954,C,772,763,6,3,2,0,763,6,0
955,T,771,766,0,5,1,0,0,766,0
956,C,771,759,2,10,1,0,759,1,1
957,T,771,768,1,2,5,0,1,768,0
958,C,773,688,9,76,0,1,688,5,3
959,C,773,769,4,0,2,0,769,0,4
960,C,772,757,13,2,5,1,757,1,11
961,A,770,764,3,3,0,764,1,0,2
962,G,770,762,4,4,2,1,0,3,762
963,A,770,767,1,2,0,767,0,0,1
964,G,769,766,1,2,3,0,1,0,766
965,C,769,763,3,3,0,0,763,1,2
966,C,769,762,3,4,0,0,762,2,1
967,T,769,760,2,7,1,0,0,760,2
968,C,767,745,14,8,3,1,745,1,12
969,A,767,715,48,4,0,715,0,0,48
970,G,767,759,5,3,4,0,5,0,759
971,C,766,763,0,3,1,0,763,0,0
972,C,766,758,1,7,2,0,758,0,1
973,A,766,736,9,21,9,736,0,0,9
974,G,767,758,3,6,0,2,0,1,758
975,G,767,763,0,4,1,0,0,0,763
976,G,766,752,12,2,1,12,0,0,752
977,A,765,762,0,3,2,762,0,0,0
978,C,765,764,1,0,1,0,764,0,1
979,A,765,752,4,9,0,752,0,1,3
980,G,765,760,3,2,2,0,1,2,760
981,G,764,759,2,3,1,0,1,1,759
982,A,764,755,6,3,0,755,0,6,0
983,T,763,752,9,2,3,1,6,752,2
984,G,762,760,2,0,4,1,1,0,760
985,A,762,761,1,0,2,761,1,0,0
986,T,762,758,3,1,3,0,3,758,0
987,G,762,755,2,5,0,0,2,0,755
988,G,762,759,3,0,1,1,2,0,759
989,A,762,762,0,0,0,762,0,0,0
990,G,762,760,1,1,0,1,0,0,760
991,T,762,757,3,2,2,2,1,757,0
992,T,764,736,26,2,10,0,26,736,0
993,G,763,754,6,3,1,0,6,0,754
994,G,763,758,2,3,4,0,2,0,758
995,C,763,759,3,1,3,0,759,0,3
996,G,763,747,15,1,4,1,5,9,747
997,A,763,756,5,2,2,756,1,4,0
998,C,763,759,1,3,0,0,759,1,0
999,C,762,753,8,1,1,0,753,1,7
1000,A,762,756,1,5,3,756,0,0,1
1001,G,762,761,0,1,1,0,0,0,761
1002,G,762,758,4,0,1,0,2,2,758
1003,T,760,760,0,0,2,0,0,760,0
1004,C,760,744,16,0,3,1,744,4,11
1005,G,760,750,7,3,1,5,2,0,750
1006,A,760,758,1,1,4,758,0,1,0
1007,C,760,753,5,2,10,0,753,2,3
1008,G,760,747,3,10,0,2,1,0,747
1009,G,761,759,1,1,1,0,0,1,759
1010,G,761,760,1,0,1,0,1,0,760
1011,G,757,753,4,0,1,1,3,0,753
1012,A,757,756,0,1,0,756,0,0,0
1013,T,757,750,6,1,2,0,6,750,0
1014,G,757,747,9,1,2,1,5,3,747
1015,A,757,749,6,2,2,749,1,0,5
1016,C,758,747,8,3,1,0,747,7,1
1017,G,758,750,4,4,7,1,2,1,750
1018,T,758,752,3,3,1,1,2,752,0
1019,C,758,745,10,3,2,1,745,7,2
1020,G,758,750,2,6,3,1,1,0,750
1021,A,758,755,1,2,2,755,0,0,1
1022,T,758,747,9,2,4,0,9,747,0
1023,G,758,751,6,1,2,1,2,3,751
1024,A,759,749,8,2,0,749,2,2,4
1025,T,759,739,6,14,4,4,2,739,0
1026,T,759,753,1,5,2,1,0,753,0
1027,C,759,738,4,17,3,0,738,0,4
1028,C,758,743,12,3,0,2,743,0,10
1029,A,758,746,4,8,1,746,3,0,1
1030,G,758,743,14,1,12,1,3,10,743
1031,A,758,753,3,2,14,753,0,1,2
1032,C,758,751,3,4,3,0,751,2,1
1033,C,757,736,17,4,3,0,736,15,2
1034,G,757,749,5,3,1,4,1,0,749
1035,C,758,754,2,2,0,0,754,1,1
1036,T,758,748,3,7,0,1,2,748,0
1037,T,758,757,1,0,0,0,1,757,0
1038,G,759,757,2,0,0,1,1,0,757
1039,C,763,760,0,3,0,0,760,0,0
1040,C,765,760,1,4,5,1,760,0,0
1041,G,766,652,2,112,1,1,0,1,652
1042,G,767,762,2,3,1,2,0,0,762
1043,G,765,764,0,1,2,0,0,0,764
1044,G,764,729,34,1,0,33,1,0,729
1045,A,764,748,8,8,1,748,2,1,5
1046,A,764,745,19,0,4,745,3,2,14
1047,C,764,742,22,0,4,1,742,0,21
1048,A,765,739,23,3,5,739,20,0,3
1049,G,766,746,1,19,2,0,1,0,746
1050,G,766,764,1,1,1,1,0,0,764
1051,G,765,754,9,2,4,1,7,1,754
1052,T,765,735,27,3,7,0,27,735,0
1053,G,765,749,11,5,8,7,4,0,749
1054,A,765,756,5,4,2,756,3,1,1
1055,C,765,759,5,1,2,0,759,1,4
1056,C,765,762,1,2,0,0,762,1,0
1057,T,765,743,7,15,2,0,6,743,1
1058,T,765,755,4,6,0,0,2,755,2
1059,C,765,754,3,8,1,1,754,0,2
1060,T,766,758,3,5,6,0,2,758,1
1061,C,767,720,9,38,0,1,720,7,1
1062,C,772,768,1,3,1,1,768,0,0
1063,C,771,760,4,7,14,1,760,2,1
1064,G,770,727,2,41,0,0,1,1,727
1065,G,766,765,0,1,0,0,0,0,765
1066,G,761,758,2,1,1,2,0,0,758
1067,C,759,759,0,0,0,0,759,0,0
1068,A,757,757,0,0,2,757,0,0,0
1069,T,757,750,4,3,2,2,1,750,1
1070,A,757,744,8,5,1,744,5,1,2
1071,G,759,754,2,3,0,1,1,0,754
1072,G,759,758,1,0,1,1,0,0,758
1073,C,760,760,0,0,1,0,760,0,0
1074,C,760,751,9,0,11,0,751,0,9
1075,A,761,757,1,3,2,757,1,0,0
1076,G,761,754,3,4,1,0,2,1,754
1077,G,758,755,1,2,1,0,0,1,755
1078,A,760,756,2,2,3,756,0,2,0
1079,T,761,738,21,2,2,0,21,738,0
1080,G,762,751,10,1,1,2,7,1,751
1081,A,762,760,1,1,0,760,1,0,0
1082,T,761,746,13,2,1,0,12,746,1
1083,G,762,755,1,6,0,0,1,0,755
1084,G,762,756,1,5,1,1,0,0,756
1085,C,762,756,2,4,0,0,756,1,1
1086,G,762,757,1,4,4,1,0,0,757
1087,T,761,757,1,3,0,0,1,757,0
1088,C,760,748,8,4,2,0,748,8,0
1089,G,761,753,5,3,0,3,2,0,753
1090,G,761,756,3,2,1,0,2,1,756
1091,C,759,749,9,1,5,2,749,7,0
1092,G,758,751,4,3,2,2,0,2,751
1093,A,758,755,2,1,2,755,0,0,2
1094,C,756,750,5,1,0,2,750,1,2
1095,C,756,753,3,0,0,0,753,2,1
1096,T,756,745,4,7,4,0,4,745,0
1097,T,756,740,15,1,4,0,15,740,0
1098,G,756,748,8,0,2,2,2,4,748
1099,A,756,753,2,1,12,753,0,0,2
1100,C,756,748,6,2,9,0,748,4,2
1101,G,757,752,3,2,0,0,2,1,752
1102,C,756,730,15,11,10,2,730,7,6
1103,C,756,745,9,2,0,0,745,4,5
1104,C,756,751,4,1,2,0,751,3,1
1105,T,755,750,3,2,1,0,3,750,0
1106,C,755,733,14,8,12,2,733,7,5
1107,G,755,725,23,7,3,2,10,11,725
1108,A,756,755,1,0,0,755,0,0,1
1109,T,754,752,0,2,6,0,0,752,0
1110,C,754,748,3,3,8,1,748,1,1
1111,C,755,745,10,0,3,0,745,2,8
1112,A,755,746,9,0,2,746,3,0,6
1113,G,756,752,4,0,2,1,3,0,752
1114,C,757,751,3,3,0,0,751,0,3
1115,C,757,750,6,1,4,0,750,0,6
1116,A,757,745,2,10,3,745,1,0,1
1117,G,758,753,0,5,0,0,0,0,753
1118,G,757,753,1,3,2,0,1,0,753
1119,A,756,749,4,3,0,749,1,1,2
1120,G,756,750,3,3,0,3,0,0,750
1121,C,757,754,0,3,1,0,754,0,0
1122,A,757,750,1,6,0,750,1,0,0
1123,G,757,753,2,2,0,0,1,1,753
1124,G,756,754,0,2,5,0,0,0,754
1125,C,756,746,0,10,3,0,746,0,0
1126,T,756,753,0,3,3,0,0,753,0
1127,C,756,750,4,2,0,0,750,3,1
1128,C,756,753,1,2,0,0,753,0,1
1129,T,757,754,0,3,2,0,0,754,0
1130,C,757,749,4,4,0,0,749,0,4
1131,C,757,754,2,1,0,0,754,0,2
1132,A,757,750,0,7,3,750,0,0,0
1133,G,757,747,1,9,4,0,1,0,747
1134,A,757,754,0,3,0,754,0,0,0
1135,G,759,756,1,2,2,0,1,0,756
1136,C,759,757,2,0,19,1,757,0,1
1137,G,761,756,1,4,0,1,0,0,756
1138,G,761,755,6,0,3,6,0,0,755
1139,A,760,759,1,0,1,759,0,0,1
1140,C,760,760,0,0,0,0,760,0,0
1141,T,759,753,0,6,0,0,0,753,0
1142,C,759,729,4,26,1,0,729,2,2
1143,G,760,736,0,24,0,0,0,0,736
1144,A,760,758,0,2,1,758,0,0,0
1145,T,759,748,9,2,2,0,9,748,0
1146,G,759,756,2,1,2,0,1,1,756
1147,A,759,755,4,0,1,755,4,0,0
1148,T,759,750,5,4,2,0,5,750,0
1149,G,759,749,7,3,0,0,7,0,749
1150,G,759,756,3,0,0,0,3,0,756
1151,A,759,759,0,0,0,759,0,0,0
1152,G,759,754,1,4,0,0,0,1,754
1153,G,759,751,4,4,0,3,1,0,751
1154,G,759,753,3,3,0,1,1,1,753
1155,C,760,753,2,5,0,1,753,0,1
1156,C,759,750,8,1,10,6,750,1,1
1157,G,760,755,2,3,2,1,1,0,755
1158,C,761,758,3,0,0,0,758,1,2
1159,A,759,753,1,5,1,753,0,0,1
1160,G,759,756,1,2,0,0,1,0,756
1161,G,759,757,0,2,0,0,0,0,757
1162,A,759,756,0,3,0,756,0,0,0
1163,T,759,757,2,0,4,0,2,757,0
1164,G,759,756,2,1,0,0,2,0,756
1165,G,759,754,3,2,1,2,1,0,754
1166,T,759,750,6,3,1,0,4,750,2
1167,C,760,749,6,5,4,0,749,1,5
1168,A,761,753,2,6,4,753,0,0,2
1169,G,761,754,3,4,2,2,1,0,754
1170,G,762,758,2,2,2,2,0,0,758
1171,G,761,750,4,7,2,3,1,0,750
1172,T,761,730,15,16,1,1,4,730,10
1173,T,761,744,11,6,2,0,9,744,2
1174,C,761,738,15,8,5,2,738,7,6
1175,G,761,746,14,1,0,11,2,1,746
1176,T,762,757,4,1,18,0,4,757,0
1177,C,760,732,10,18,2,1,732,6,3
1178,C,761,746,14,1,18,1,746,6,7
1179,G,760,748,8,4,33,2,1,5,748
1180,T,759,748,7,4,0,5,2,748,0
1181,T,758,752,5,1,34,1,3,752,1
1182,C,758,751,4,3,0,0,751,0,4
1183,A,758,747,5,6,3,747,3,0,2
1184,G,759,750,5,4,0,2,3,0,750
1185,G,759,756,2,1,0,1,1,0,756
1186,G,757,755,1,1,0,1,0,0,755
1187,C,757,752,2,3,1,0,752,1,1
1188,C,757,755,1,1,1,0,755,0,1
1189,T,757,755,0,2,0,0,0,755,0
1190,T,757,751,5,1,1,0,3,751,2
1191,C,756,750,5,1,3,0,750,1,4
1192,A,756,742,12,2,0,742,0,0,12
1193,T,757,752,4,1,0,0,4,752,0
1194,C,757,750,5,2,7,0,750,0,5
1195,A,757,739,11,7,0,739,0,0,11
1196,G,756,747,6,3,1,2,2,2,747
1197,C,755,753,0,2,1,0,753,0,0
1198,A,753,742,8,3,0,742,0,0,8
1199,G,753,749,0,4,2,0,0,0,749
1200,C,752,745,3,4,2,0,745,2,1
1201,T,752,741,5,6,0,0,2,741,3
1202,G,752,742,5,5,0,0,2,3,742
1203,C,752,744,3,5,2,0,744,2,1
1204,T,752,744,5,3,0,3,0,744,2
1205,C,751,735,9,7,2,0,735,1,8
1206,G,751,743,2,6,4,1,1,0,743
1207,C,751,740,5,6,0,2,740,1,2
1208,C,751,747,0,4,2,0,747,0,0
1209,C,751,748,2,1,0,1,748,0,1
1210,A,750,744,4,2,2,744,0,0,4
1211,G,749,747,0,2,1,0,0,0,747
1212,C,750,747,1,2,0,0,747,1,0
1213,C,749,743,5,1,3,0,743,1,4
1214,A,749,741,7,1,2,741,1,0,6
1215,C,750,746,2,2,0,1,746,0,1
1216,T,749,729,2,18,2,1,1,729,0
1217,T,748,742,5,1,4,0,2,742,3
1218,G,748,747,1,0,0,0,1,0,747
1219,G,749,746,3,0,0,1,2,0,746
1220,T,749,741,8,0,0,0,8,741,0
1221,G,749,744,4,1,3,0,4,0,744
1222,A,749,745,2,2,0,745,1,1,0
1223,A,747,745,2,0,0,745,0,0,2
1224,G,747,747,0,0,0,0,0,0,747
1225,G,747,742,3,2,1,0,0,3,742
1226,T,747,729,8,10,1,4,1,729,3
1227,A,747,721,18,8,1,721,7,0,11
1228,T,747,736,6,5,7,1,3,736,2
1229,A,747,729,9,9,2,729,2,0,7
1230,G,747,733,6,8,0,4,2,0,733
1231,G,746,737,3,6,2,1,0,2,737
1232,T,746,727,9,10,2,0,8,727,1
1233,G,746,728,15,3,22,6,7,2,728
1234,T,746,735,10,1,3,1,8,735,1
1235,C,746,721,22,3,18,4,721,14,4
1236,G,745,724,9,12,4,4,4,1,724
1237,G,745,739,2,4,0,0,1,1,739
1238,A,744,739,2,3,1,739,2,0,0
1239,C,743,741,0,2,1,0,741,0,0
1240,C,743,730,11,2,0,2,730,6,3
1241,A,743,719,4,20,0,719,0,0,4
1242,G,743,736,1,6,0,0,1,0,736
1243,C,743,742,1,0,0,0,742,0,1
1244,C,742,737,4,1,3,2,737,1,1
1245,A,742,728,13,1,4,728,1,0,12
1246,T,742,739,3,0,2,0,0,739,3
1247,A,743,720,9,14,3,720,3,2,4
1248,C,744,734,2,8,0,0,734,1,1
1249,C,744,736,8,0,2,2,736,1,5
1250,G,744,739,1,4,1,0,1,0,739
1251,G,744,741,2,1,0,0,0,2,741
1252,T,742,737,3,2,2,0,2,737,1
1253,T,742,733,9,0,6,1,7,733,1
1254,G,743,712,24,7,5,2,21,1,712
1255,G,743,738,4,1,3,2,1,1,738
1256,C,742,732,4,6,5,0,732,4,0
1257,C,740,732,8,0,1,0,732,8,0
1258,T,740,740,0,0,4,0,0,740,0
1259,C,741,691,23,27,5,0,691,5,18
1260,C,742,742,0,0,2,0,742,0,0
1261,C,743,739,3,1,5,2,739,1,0
1262,G,743,739,1,3,1,0,1,0,739
1263,G,743,739,4,0,2,2,1,1,739
1264,A,743,741,1,1,7,741,0,1,0
1265,T,743,732,11,0,4,0,9,732,2
1266,G,743,735,3,5,7,1,2,0,735
1267,C,743,721,5,17,0,0,721,4,1
1268,C,745,744,1,0,1,0,744,1,0
1269,C,746,742,4,0,0,0,742,0,4
1270,A,746,745,1,0,0,745,1,0,0
1271,G,747,742,4,1,1,2,1,1,742
1272,G,746,745,1,0,3,0,1,0,745
1273,T,745,743,1,1,2,1,0,743,0
1274,C,745,735,8,2,0,0,735,7,1
1275,G,745,741,4,0,0,1,3,0,741
1276,A,746,745,1,0,0,745,1,0,0
1277,C,747,744,2,1,0,1,744,0,1
1278,C,747,737,9,1,1,1,737,0,8
1279,A,747,741,5,1,2,741,2,0,3
1280,G,747,738,2,7,1,1,0,1,738
1281,C,745,741,2,2,1,0,741,1,1
1282,T,745,736,4,5,0,1,3,736,0
1283,T,745,741,3,1,22,0,3,741,0
1284,C,745,742,0,3,0,0,742,0,0
1285,C,745,741,2,2,2,0,741,2,0
1286,G,745,737,6,2,4,6,0,0,737
1287,C,746,744,0,2,3,0,744,0,0
1288,T,746,746,0,0,6,0,0,746,0
1289,C,747,742,1,4,1,0,742,0,1
1290,C,747,741,5,1,0,0,741,0,5
1291,A,747,743,1,3,1,743,1,0,0
1292,G,748,742,2,4,0,0,1,1,742
1293,G,747,745,1,1,1,0,0,1,745
1294,A,747,744,1,2,0,744,0,0,1
1295,C,746,740,2,4,1,1,740,1,0
1296,C,747,746,0,1,0,0,746,0,0
1297,T,746,739,0,7,1,0,0,739,0
1298,T,746,741,2,3,1,0,2,741,0
1299,G,745,736,3,6,2,1,2,0,736
1300,C,746,739,2,5,1,2,739,0,0
1301,C,746,740,1,5,2,0,740,1,0
1302,G,746,737,1,8,2,0,1,0,737
1303,G,745,731,7,7,2,5,1,1,731
1304,A,745,716,10,19,2,716,1,0,9
1305,A,744,735,7,2,1,735,1,2,4
1306,T,745,723,19,3,0,1,4,723,14
1307,A,746,723,15,8,8,723,6,0,9
1308,C,746,736,1,9,1,0,736,1,0
1309,C,747,731,12,4,8,3,731,8,1
1310,G,746,724,6,16,0,1,1,4,724
1311,G,747,744,1,2,0,0,0,1,744
1312,G,746,741,2,3,0,0,2,0,741
1313,C,747,739,3,5,1,0,739,0,3
1314,C,747,745,0,2,1,0,745,0,0
1315,T,747,740,4,3,2,2,1,740,1
1316,G,747,736,3,8,1,0,2,1,736
1317,G,747,737,8,2,3,1,6,1,737
1318,A,747,746,0,1,1,746,0,0,0
1319,C,747,738,8,1,2,0,738,8,0
1320,G,747,740,4,3,5,3,0,1,740
1321,T,746,742,0,4,4,0,0,742,0
1322,C,746,737,4,5,1,2,737,0,2
1323,C,746,740,2,4,0,1,740,1,0
1324,T,745,735,2,8,6,0,1,735,1
1325,C,744,735,5,4,3,1,735,2,2
1326,G,744,720,6,18,2,2,4,0,720
1327,A,744,740,2,2,4,740,0,1,1
1328,T,743,729,10,4,3,1,9,729,0
1329,C,743,740,1,2,0,0,740,1,0
1330,T,743,733,2,8,3,0,2,733,0
1331,T,743,705,37,1,1,0,36,705,1
1332,G,744,739,4,1,1,0,4,0,739
1333,T,744,734,4,6,2,0,3,734,1
1334,C,744,737,1,6,0,0,737,1,0
1335,C,745,742,1,2,0,0,742,1,0
1336,T,745,731,4,10,4,0,2,731,2
1337,G,745,741,2,2,0,0,2,0,741
1338,C,745,727,17,1,0,1,727,1,15
1339,A,745,737,7,1,3,737,0,1,6
1340,G,746,737,6,3,0,5,0,1,737
1341,C,746,733,7,6,0,2,733,5,0
1342,A,745,736,9,0,1,736,1,0,8
1343,G,744,740,3,1,6,3,0,0,740
1344,C,746,740,0,6,1,0,740,0,0
1345,C,746,740,6,0,6,1,740,5,0
1346,G,745,738,4,3,0,1,2,1,738
1347,G,744,740,3,1,0,1,2,0,740
1348,A,744,740,3,1,0,740,2,1,0
1349,C,744,738,3,3,2,2,738,1,0
1350,C,745,740,3,2,0,1,740,0,2
1351,A,745,728,3,14,1,728,1,0,2
1352,G,745,739,2,4,0,1,1,0,739
1353,C,747,740,3,4,7,0,740,2,1
1354,T,747,744,1,2,5,0,1,744,0
1355,C,747,746,0,1,1,0,746,0,0
1356,C,747,746,1,0,2,0,746,1,0
1357,T,747,743,0,4,0,0,0,743,0
1358,C,747,731,11,5,0,0,731,0,11
1359,G,746,734,2,10,0,0,2,0,734
1360,A,746,746,0,0,1,746,0,0,0
1361,T,746,742,1,3,4,0,1,742,0
1362,C,747,741,2,4,7,0,741,2,0
1363,T,746,737,4,5,4,1,3,737,0
1364,C,746,740,5,1,22,1,740,0,4
1365,A,745,723,15,7,0,723,0,0,15
1366,T,745,735,5,5,4,0,3,735,2
1367,A,745,723,14,8,2,723,12,0,2
1368,G,745,742,2,1,1,1,1,0,742
1369,A,745,732,6,7,2,732,0,3,3
1370,A,745,740,2,3,0,740,0,0,2
1371,G,745,742,0,3,0,0,0,0,742
1372,C,745,743,1,1,1,0,743,1,0
1373,C,745,742,3,0,2,0,742,1,2
1374,G,745,729,15,1,4,15,0,0,729
1375,T,747,742,4,1,3,0,3,742,1
1376,C,747,742,0,5,7,0,742,0,0
1377,A,748,676,4,68,0,676,0,0,4
1378,G,747,706,0,41,4,0,0,0,706
1379,G,746,725,5,16,1,3,1,1,725
1380,A,746,724,2,20,4,724,0,0,2
1381,G,746,730,8,8,0,6,2,0,730
1382,A,746,724,9,13,1,724,1,2,6
1383,A,747,735,7,5,3,735,0,0,7
1384,C,747,743,0,4,1,0,743,0,0
1385,G,747,733,7,7,7,2,5,0,733
1386,A,750,740,4,6,1,740,3,0,1
1387,G,750,738,5,7,1,5,0,0,738
1388,G,750,744,2,4,2,2,0,0,744
1389,A,750,740,2,8,0,740,0,1,1
1390,A,750,736,13,1,2,736,8,0,5
1391,C,750,747,3,0,0,1,747,1,1
1392,A,750,738,9,3,5,738,3,1,5
1393,G,750,743,4,3,3,0,3,1,743
1394,C,750,748,0,2,1,0,748,0,0
1395,C,749,741,6,2,53,0,741,5,1
1396,T,748,741,4,3,18,0,1,741,3
1397,C,748,735,11,2,4,0,735,2,9
1398,T,748,747,0,1,4,0,0,747,0
1399,C,748,743,1,4,0,0,743,0,1
1400,C,749,746,2,1,1,0,746,0,2
1401,A,750,745,2,3,1,745,0,0,2
1402,G,750,746,1,3,0,1,0,0,746
1403,C,749,748,1,0,0,0,748,0,1
1404,A,748,739,5,4,2,739,3,0,2
1405,G,749,746,2,1,0,1,1,0,746
1406,G,748,746,2,0,1,0,1,1,746
1407,C,748,748,0,0,1,0,748,0,0
1408,T,747,740,2,5,0,0,1,740,1
1409,T,746,741,4,1,0,0,3,741,1
1410,G,746,744,1,1,0,1,0,0,744
1411,A,747,746,1,0,0,746,0,0,1
1412,T,746,743,3,0,2,0,3,743,0
1413,G,747,732,10,5,1,4,4,2,732
1414,A,747,739,3,5,1,739,0,0,3
1415,C,747,740,2,5,17,0,740,2,0
1416,G,747,734,5,8,0,1,2,2,734
1417,G,746,733,13,0,5,12,0,1,733
1418,A,746,730,14,2,1,730,1,8,5
1419,C,746,734,5,7,1,1,734,3,1
1420,T,746,739,2,5,2,0,1,739,1
1421,C,746,708,14,24,1,0,708,11,3
1422,G,747,741,1,5,0,0,0,1,741
1423,G,747,745,2,0,1,0,2,0,745
1424,T,747,731,15,1,5,0,14,731,1
1425,G,747,741,5,1,4,2,3,0,741
1426,A,747,741,6,0,0,741,0,3,3
1427,C,747,743,2,2,1,2,743,0,0
1428,C,747,747,0,0,2,0,747,0,0
1429,T,747,745,0,2,1,0,0,745,0
1430,G,747,733,11,3,0,4,6,1,733
1431,G,748,745,2,1,2,0,2,0,745
1432,C,749,745,2,2,1,0,745,2,0
1433,C,747,739,3,5,6,1,739,2,0
1434,G,746,731,4,11,0,3,1,0,731
1435,G,746,739,5,2,7,5,0,0,739
1436,A,746,744,1,1,1,744,1,0,0
1437,G,743,740,2,1,0,1,1,0,740
1438,T,743,738,2,3,0,1,1,738,0
1439,T,743,735,4,4,2,3,1,735,0
1440,C,743,732,6,5,0,1,732,2,3
1441,A,743,732,8,3,1,732,0,1,7
1442,T,744,736,2,6,0,0,0,736,2
1443,G,745,731,4,10,0,0,0,4,731
1444,C,746,737,5,4,0,0,737,3,2
1445,C,746,740,3,3,2,1,740,1,1
1446,G,746,736,4,6,0,2,2,0,736
1447,T,746,739,3,4,3,3,0,739,0
1448,T,744,732,11,1,11,0,11,732,0
1449,G,744,733,10,1,0,0,6,4,733
1450,A,744,740,2,2,1,740,0,0,2
1451,C,745,744,0,1,1,0,744,0,0
1452,A,746,731,12,3,0,731,0,0,12
1453,T,746,739,3,4,7,0,0,739,3
1454,A,746,709,30,7,1,709,17,0,13
1455,G,746,737,2,7,1,2,0,0,737
1456,C,745,735,3,7,1,0,735,3,0
1457,A,744,713,16,15,5,713,8,0,8
1458,G,744,733,2,9,0,1,0,1,733
1459,G,744,743,1,0,3,0,0,1,743
1460,T,744,740,4,0,1,0,4,740,0
1461,G,744,739,1,4,0,1,0,0,739
1462,G,744,742,1,1,2,0,1,0,742
1463,A,744,742,1,1,0,742,0,0,1
1464,G,744,725,3,16,2,3,0,0,725
1465,A,743,736,4,3,0,736,0,1,3
1466,C,743,735,2,6,1,1,735,1,0
1467,C,743,733,5,5,0,1,733,2,2
1468,T,743,732,4,7,1,0,1,732,3
1469,G,743,724,14,5,2,0,14,0,724
1470,C,742,734,6,2,1,0,734,0,6
1471,A,742,737,2,3,1,737,1,0,1
1472,G,741,738,2,1,2,1,0,1,738
1473,G,741,735,3,3,2,0,0,3,735
1474,A,742,736,3,3,2,736,0,1,2
1475,C,742,738,2,2,2,0,738,2,0
1476,G,742,738,2,2,0,1,1,0,738
1477,G,743,741,0,2,3,0,0,0,741
1478,C,743,742,0,1,0,0,742,0,0
1479,C,741,733,7,1,7,5,733,0,2
1480,A,741,727,12,2,2,727,0,0,12
1481,G,741,738,3,0,3,2,1,0,738
1482,C,741,737,3,1,1,0,737,3,0
1483,T,741,728,4,9,0,0,4,728,0
1484,T,744,730,13,1,19,0,9,730,4
1485,G,745,728,7,10,2,1,6,0,728
1486,G,745,736,8,1,1,5,2,1,736
1487,G,745,739,6,0,0,3,2,1,739
1488,G,745,740,3,2,1,2,1,0,740
1489,T,745,740,3,2,0,2,1,740,0
1490,T,745,739,5,1,7,1,2,739,2
1491,C,746,733,9,4,9,0,733,3,6
1492,A,746,736,7,3,2,736,0,0,7
1493,G,746,742,1,3,1,0,0,1,742
1494,G,746,740,5,1,3,0,0,5,740
1495,T,746,742,2,2,2,0,1,742,1
1496,C,744,729,15,0,16,3,729,10,2
1497,G,744,732,6,6,3,1,4,1,732
1498,A,744,743,0,1,4,743,0,0,0
1499,C,744,743,1,0,1,0,743,0,1
1500,C,744,736,8,0,1,1,736,0,7
1501,A,743,740,2,1,1,740,0,0,2
1502,T,743,739,3,1,3,0,3,739,0
1503,G,745,732,8,5,3,0,7,1,732
1504,C,745,735,3,7,1,0,735,1,2
1505,C,746,740,5,1,2,2,740,2,1
1506,G,748,743,3,2,0,0,3,0,743
1507,G,745,745,0,0,0,0,0,0,745
1508,C,745,741,4,0,0,0,741,3,1
1509,G,744,741,3,0,0,1,2,0,741
1510,A,744,742,1,1,0,742,0,0,1
1511,T,744,739,3,2,1,1,1,739,1
1512,G,744,741,2,1,2,0,2,0,741
1513,T,744,739,2,3,0,0,2,739,0
1514,T,745,738,4,3,5,1,3,738,0
1515,C,747,730,4,13,1,0,730,2,2
1516,C,747,736,0,11,4,0,736,0,0
1517,G,748,734,3,11,2,2,1,0,734
1518,C,748,736,4,8,0,2,736,0,2
1519,A,748,731,6,11,3,731,4,0,2
1520,G,750,745,0,5,1,0,0,0,745
1521,G,751,748,2,1,0,0,2,0,748
1522,C,752,735,4,13,1,1,735,1,2
1523,A,752,738,4,10,2,738,0,0,4
1524,C,752,749,3,0,0,0,749,0,3
1525,A,752,747,1,4,2,747,0,1,0
1526,G,752,749,1,2,0,0,1,0,749
1527,G,751,751,0,0,0,0,0,0,751
1528,G,752,749,2,1,1,0,2,0,749
1529,T,752,728,22,2,0,0,21,728,1
1530,G,752,748,1,3,1,0,1,0,748
1531,T,752,746,4,2,1,2,2,746,0
1532,T,751,741,10,0,2,0,8,741,2
1533,G,751,745,5,1,0,0,5,0,745
1534,A,751,749,0,2,0,749,0,0,0
1535,T,751,750,0,1,1,0,0,750,0
1536,G,751,745,2,4,0,1,1,0,745
1537,G,753,750,0,3,1,0,0,0,750
1538,C,753,751,0,2,0,0,751,0,0
1539,C,753,750,1,2,0,0,750,0,1
1540,A,752,737,1,14,0,737,0,1,0
1541,G,751,746,3,2,0,0,2,1,746
1542,G,750,749,0,1,0,0,0,0,749
1543,G,750,749,0,1,1,0,0,0,749
1544,C,750,748,1,1,0,1,748,0,0
1545,C,750,748,2,0,0,1,748,1,0
1546,T,750,740,4,6,0,1,3,740,0
1547,T,750,745,4,1,0,0,3,745,1
1548,G,750,748,2,0,1,0,2,0,748
1549,T,751,749,1,1,1,0,1,749,0
1550,C,751,741,2,8,0,0,741,2,0
1551,C,751,747,3,1,3,0,747,0,3
1552,A,750,745,5,0,1,745,0,1,4
1553,G,749,747,2,0,0,1,1,0,747
1554,C,748,736,1,11,2,0,736,0,1
1555,T,748,737,2,9,1,0,2,737,0
1556,C,747,743,0,4,1,0,743,0,0
1557,C,747,746,0,1,2,0,746,0,0
1558,T,745,743,1,1,4,0,1,743,0
1559,C,745,711,6,28,0,1,711,5,0
1560,C,748,747,0,1,0,0,747,0,0
1561,C,749,744,4,1,9,1,744,2,1
1562,G,749,745,2,2,0,0,0,2,745
1563,G,750,750,0,0,3,0,0,0,750
1564,A,750,745,3,2,1,745,0,1,2
1565,A,749,746,3,0,1,746,0,0,3
1566,G,749,747,2,0,1,0,2,0,747
1567,T,748,745,0,3,0,0,0,745,0
1568,T,748,721,26,1,2,0,26,721,0
1569,G,748,746,0,2,1,0,0,0,746
1570,A,749,744,2,3,4,744,0,0,2
1571,C,748,738,2,8,10,0,738,2,0
1572,G,749,736,2,11,1,0,1,1,736
1573,G,748,738,4,6,1,0,4,0,738
1574,A,749,740,2,7,4,740,1,1,0
1575,G,749,739,1,9,0,1,0,0,739
1576,G,750,741,2,7,3,0,0,2,741
1577,C,749,737,5,7,6,1,737,3,1
1578,G,749,745,1,3,1,1,0,0,745
1579,G,750,745,2,3,0,1,1,0,745
1580,C,749,746,3,0,9,0,746,3,0
1581,G,749,742,4,3,1,4,0,0,742
1582,G,749,739,10,0,6,9,1,0,739
1583,A,749,743,4,2,4,743,1,2,1
1584,G,749,747,1,1,2,0,1,0,747
1585,T,749,735,6,8,2,3,2,735,1
1586,T,749,720,29,0,2,0,29,720,0
1587,G,749,735,13,1,0,1,11,1,735
1588,A,749,745,4,0,0,745,0,2,2
1589,T,749,734,14,1,9,0,14,734,0
1590,G,750,739,9,2,1,1,4,4,739
1591,A,750,742,3,5,4,742,1,0,2
1592,C,750,739,3,8,1,0,739,1,2
1593,A,749,730,12,7,2,730,0,0,12
1594,G,749,738,5,6,0,2,0,3,738
1595,C,748,739,7,2,0,0,739,6,1
1596,G,748,748,0,0,2,0,0,0,748
1597,T,748,747,1,0,3,0,1,747,0
1598,C,747,741,1,5,0,0,741,1,0
1599,C,746,745,1,0,0,0,745,0,1
1600,A,747,742,4,1,0,742,0,0,4
1601,G,746,743,2,1,1,0,1,1,743
1602,C,746,744,2,0,0,0,744,1,1
1603,T,746,741,5,0,1,0,5,741,0
1604,C,745,723,18,4,1,0,723,2,16
1605,G,745,741,2,2,0,2,0,0,741
1606,G,745,740,5,0,1,3,1,1,740
1607,T,745,742,3,0,3,1,2,742,0
1608,G,745,737,8,0,0,4,4,0,737
1609,G,745,742,3,0,1,2,1,0,742
1610,C,745,741,1,3,2,0,741,0,1
1611,C,745,736,8,1,2,5,736,0,3
1612,A,745,735,6,4,0,735,1,1,4
1613,G,746,744,1,1,1,1,0,0,744
1614,C,745,742,2,1,0,0,742,1,1
1615,T,745,728,0,17,0,0,0,728,0
1616,T,744,740,2,2,9,0,2,740,0
1617,C,745,723,0,22,2,0,723,0,0
1618,C,745,735,3,7,5,1,735,0,2
1619,G,745,726,7,12,2,0,5,2,726
1620,A,745,740,2,3,0,740,0,0,2
1621,T,744,721,19,4,1,0,3,721,16
1622,A,744,729,13,2,3,729,11,0,2
1623,G,744,732,9,3,20,8,0,1,732
1624,T,744,705,14,25,9,0,14,705,0
1625,C,744,716,10,18,0,0,716,9,1
1626,C,744,728,8,8,1,0,728,6,2
1627,T,745,735,3,7,3,0,2,735,1
1628,C,745,740,2,3,1,0,740,1,1
1629,C,745,741,1,3,3,0,741,1,0
1630,T,745,706,6,33,0,0,6,706,0
1631,G,745,734,9,2,3,0,5,4,734
1632,T,745,740,3,2,3,0,3,740,0
1633,C,746,735,6,5,1,0,735,6,0
1634,C,746,735,11,0,3,0,735,6,5
1635,G,747,726,21,0,1,8,13,0,726
1636,A,747,745,1,1,6,745,0,0,1
1637,T,745,742,2,1,2,0,2,742,0
1638,G,745,743,1,1,6,0,1,0,743
1639,C,744,738,3,3,1,0,738,3,0
1640,C,744,741,3,0,2,2,741,1,0
1641,G,744,732,5,7,1,1,4,0,732
1642,A,744,729,0,15,0,729,0,0,0
1643,A,744,742,1,1,0,742,1,0,0
1644,T,745,744,1,0,2,0,1,744,0
1645,C,745,743,0,2,8,0,743,0,0
1646,C,745,738,6,1,1,0,738,2,4
1647,A,746,742,2,2,3,742,2,0,0
1648,G,746,745,0,1,7,0,0,0,745
1649,C,747,737,0,10,1,0,737,0,0
1650,C,748,743,2,3,1,0,743,2,0
1651,T,748,746,1,1,0,0,0,746,1
1652,C,748,742,3,3,2,0,742,1,2
1653,G,748,744,1,3,1,0,0,1,744
1654,G,748,746,1,1,0,1,0,0,746
1655,T,748,736,11,1,0,0,11,736,0
1656,G,748,743,3,2,4,0,0,3,743
1657,A,748,742,5,1,2,742,1,0,4
1658,C,749,747,0,2,1,0,747,0,0
1659,C,749,745,3,1,1,0,745,2,1
1660,T,749,742,4,3,4,1,3,742,0
1661,C,749,741,4,4,1,0,741,2,2
1662,G,749,746,1,2,1,1,0,0,746
1663,C,749,746,1,2,1,0,746,1,0
1664,C,750,748,1,1,0,0,748,0,1
1665,G,750,747,0,3,0,0,0,0,747
1666,G,750,747,1,2,0,1,0,0,747
1667,T,750,741,4,5,0,0,4,741,0
1668,G,749,741,4,4,1,0,3,1,741
1669,A,749,742,2,5,1,742,0,0,2
1670,C,750,747,1,2,0,0,747,1,0
1671,G,751,746,2,3,3,0,2,0,746
1672,C,751,712,19,20,1,9,712,3,7
1673,A,750,739,7,4,1,739,5,0,2
1674,G,750,741,5,4,4,4,1,0,741
1675,T,749,730,15,4,2,0,14,730,1
1676,G,750,733,10,7,1,0,10,0,733
1677,G,751,748,0,3,4,0,0,0,748
1678,A,752,747,2,3,0,747,0,1,1
1679,T,753,747,3,3,5,1,2,747,0
1680,C,753,732,16,5,1,1,732,14,1
1681,C,754,735,18,1,2,2,735,13,3
1682,G,754,751,3,0,2,3,0,0,751
1683,C,754,749,0,5,0,0,749,0,0
1684,T,755,751,1,3,10,0,0,751,1
1685,C,756,749,4,3,0,1,749,2,1
1686,C,756,754,1,1,0,0,754,1,0
1687,T,761,761,0,0,0,0,0,761,0
1688,C,762,758,1,3,0,0,758,1,0
1689,C,762,760,1,1,0,0,760,0,1
1690,A,762,760,0,2,0,760,0,0,0
1691,G,761,759,0,2,0,0,0,0,759
1692,G,760,758,1,1,1,0,1,0,758
1693,A,761,761,0,0,1,761,0,0,0
1694,A,761,759,2,0,2,759,0,1,1
1695,G,761,760,0,1,1,0,0,0,760
1696,G,760,756,2,2,1,0,2,0,756
1697,C,760,754,4,2,2,0,754,4,0
1698,G,760,757,3,0,3,2,1,0,757
1699,T,759,758,0,1,1,0,0,758,0
1700,C,759,750,7,2,1,1,750,3,3
1701,G,758,746,5,7,4,2,3,0,746
1702,A,758,746,4,8,0,746,1,1,2
1703,A,758,755,1,2,0,755,0,1,0
1704,T,758,747,8,3,1,3,4,747,1
1705,C,759,732,7,20,1,0,732,3,4
1706,C,759,755,1,3,0,0,755,1,0
1707,C,759,751,2,6,5,1,751,1,0
1708,T,759,751,1,7,1,0,1,751,0
1709,C,759,744,6,9,7,1,744,3,2
1710,A,759,696,10,53,0,696,7,1,2
1711,G,759,730,0,29,7,0,0,0,730
1712,A,758,739,3,16,1,739,2,0,1
1713,G,758,754,2,2,1,1,0,1,754
1714,T,756,739,15,2,1,2,11,739,2
1715,C,757,745,11,1,3,0,745,6,5
1716,A,758,744,10,4,1,744,1,1,8
1717,G,758,757,1,0,0,1,0,0,757
1718,C,758,755,1,2,5,0,755,0,1
1719,C,758,744,1,13,3,0,744,1,0
1720,T,759,742,1,16,1,0,1,742,0
1721,C,759,751,1,7,3,0,751,1,0
1722,T,759,757,1,1,1,0,0,757,1
1723,C,760,747,4,9,2,0,747,2,2
1724,G,761,756,2,3,1,1,0,1,756
1725,C,760,756,2,2,2,1,756,0,1
1726,A,760,757,3,0,1,757,1,0,2
1727,G,760,759,1,0,1,0,1,0,759
1728,C,761,758,1,2,0,0,758,0,1
1729,C,761,751,9,1,3,0,751,6,3
1730,G,762,754,6,2,1,5,0,1,754
1731,G,762,757,4,1,0,0,0,4,757
1732,T,761,759,1,1,0,1,0,759,0
1733,C,761,747,14,0,2,4,747,6,4
1734,G,762,756,3,3,1,2,1,0,756
1735,A,763,758,1,4,2,758,0,0,1
1736,A,762,759,2,1,1,759,1,0,1
1737,G,763,759,4,0,4,1,3,0,759
1738,A,764,761,1,2,4,761,1,0,0
1739,C,763,756,5,2,11,2,756,3,0
1740,G,764,751,1,12,0,0,1,0,751
1741,G,764,749,9,6,5,3,6,0,749
1742,A,764,755,3,6,8,755,0,1,2
1743,G,764,761,2,1,0,1,0,1,761
1744,G,764,763,1,0,3,0,0,1,763
1745,A,764,762,2,0,5,762,0,2,0
1746,G,765,763,0,2,0,0,0,0,763
1747,G,764,759,2,3,6,1,1,0,759
1748,T,764,740,22,2,6,0,21,740,1
1749,G,764,755,1,8,0,0,1,0,755
1750,G,764,755,2,7,0,2,0,0,755
1751,C,764,739,17,8,2,2,739,13,2
1752,G,765,755,7,3,1,2,4,1,755
1753,A,765,764,1,0,2,764,0,0,1
1754,T,765,755,2,8,1,0,1,755,1
1755,C,766,739,11,16,7,3,739,1,7
1756,T,769,759,4,6,3,1,1,759,2
1757,C,770,760,4,6,0,1,760,0,3
1758,C,771,765,4,2,5,1,765,2,1
1759,T,774,770,2,2,4,1,0,770,1
1760,C,774,770,2,2,0,1,770,0,1
1761,C,775,769,4,2,4,0,769,0,4
1762,A,775,772,1,2,1,772,1,0,0
1763,G,775,774,0,1,0,0,0,0,774
1764,G,772,764,5,3,4,3,2,0,764
1765,A,771,765,3,3,1,765,1,0,2
1766,A,770,767,2,1,0,767,0,0,2
1767,T,770,767,0,3,1,0,0,767,0
1768,C,770,760,3,7,1,1,760,2,0
1769,G,771,758,8,5,7,2,6,0,758
1770,A,771,766,3,2,0,766,2,0,1
1771,G,771,769,0,2,2,0,0,0,769
1772,A,771,771,0,0,2,771,0,0,0
1773,T,772,772,0,0,4,0,0,772,0
1774,C,771,753,13,5,2,4,753,1,8
1775,G,771,753,9,9,5,1,7,1,753
1776,A,773,769,0,4,4,769,0,0,0
1777,G,774,766,2,6,2,0,1,1,766
1778,C,774,767,4,3,0,1,767,2,1
1779,G,775,763,8,4,7,7,1,0,763
1780,T,775,769,2,4,3,0,1,769,1
1781,C,775,761,4,10,4,1,761,1,2
1782,A,774,754,5,15,4,754,2,0,3
1783,G,773,754,5,14,2,4,0,1,754
1784,G,770,766,0,4,1,0,0,0,766
1785,G,770,764,5,1,1,2,1,2,764
1786,T,770,742,23,5,1,0,19,742,4
1787,G,770,761,5,4,8,2,3,0,761
1788,T,770,761,4,5,12,0,4,761,0
1789,C,769,739,24,6,31,5,739,10,9
1790,G,769,743,10,16,14,7,3,0,743
1791,C,769,750,12,7,6,0,750,9,3
1792,T,769,737,14,18,18,0,12,737,2
1793,T,770,739,19,12,5,1,13,739,5
1794,G,770,755,7,8,6,1,6,0,755
1795,T,770,754,10,6,1,2,7,754,1
1796,T,770,696,58,16,2,0,58,696,0
1797,G,770,731,8,31,4,1,4,3,731
1798,C,770,637,8,125,1,3,637,0,5
1799,C,770,737,11,22,1,5,737,5,1
1800,C,771,766,3,2,1,2,766,0,1
1801,C,771,758,12,1,4,0,758,8,4
1802,G,771,761,6,4,0,2,0,4,761
1803,G,772,770,2,0,1,2,0,0,770
1804,A,768,768,0,0,1,768,0,0,0
1805,T,768,767,0,1,2,0,0,767,0
1806,C,769,743,24,2,2,1,743,4,19
1807,A,769,748,14,7,1,748,0,0,14
1808,G,769,763,1,5,1,1,0,0,763
1809,C,769,764,2,3,1,0,764,1,1
1810,A,769,698,55,16,4,698,5,0,50
1811,G,769,750,3,16,1,1,1,1,750
1812,A,769,754,5,10,8,754,0,0,5
1813,T,768,738,14,16,11,2,8,738,4
1814,A,768,678,85,5,6,678,23,0,62
1815,G,768,751,12,5,2,1,9,2,751
1816,A,768,763,3,2,0,763,0,0,3
1817,T,768,756,10,2,15,0,8,756,2
1818,A,769,703,61,5,0,703,47,0,14
1819,G,770,754,10,6,2,10,0,0,754
1820,C,770,757,3,10,4,0,757,3,0
1821,T,770,759,7,4,5,0,7,759,0
1822,C,770,747,6,17,2,1,747,5,0
1823,C,770,763,3,4,5,0,763,3,0
1824,G,769,760,5,4,0,1,3,1,760
1825,A,770,768,0,2,0,768,0,0,0
1826,T,770,765,2,3,0,0,2,765,0
1827,G,771,768,0,3,3,0,0,0,768
1828,T,772,764,2,6,3,1,1,764,0
1829,C,772,762,2,8,3,0,762,2,0
1830,A,773,753,11,9,2,753,6,0,5
1831,G,774,760,7,7,1,5,2,0,760
1832,G,775,772,0,3,0,0,0,0,772
1833,G,775,767,4,4,0,0,2,2,767
1834,A,775,771,1,3,0,771,0,0,1
1835,C,775,771,2,2,1,0,771,1,1
1836,A,775,767,4,4,0,767,1,0,3
1837,G,775,766,2,7,3,2,0,0,766
1838,C,775,761,5,9,5,0,761,5,0
1839,T,775,764,3,8,1,0,2,764,1
1840,C,774,758,6,10,9,0,758,0,6
1841,G,774,749,7,18,3,0,6,1,749
1842,A,774,765,0,9,2,765,0,0,0
1843,A,773,760,12,1,3,760,2,8,2
1844,T,773,762,10,1,3,1,2,762,7
1845,C,773,738,33,2,2,5,738,2,26
1846,A,773,765,6,2,2,765,0,0,6
1847,G,773,765,1,7,2,1,0,0,765
1848,C,773,768,1,4,1,0,768,0,1
1849,C,773,758,12,3,8,0,758,8,4
1850,G,773,759,14,0,1,12,0,2,759
1851,C,773,768,3,2,6,0,768,2,1
1852,T,775,771,2,2,7,0,2,771,0
1853,C,775,769,1,5,3,0,769,1,0
1854,C,774,773,1,0,1,0,773,1,0
1855,A,774,772,0,2,0,772,0,0,0
1856,G,774,769,0,5,0,0,0,0,769
1857,G,773,768,4,1,2,2,2,0,768
1858,A,773,771,1,1,5,771,0,0,1
1859,C,773,762,9,2,7,0,762,8,1
1860,G,773,757,14,2,5,13,1,0,757
1861,A,773,765,4,4,0,765,0,1,3
1862,C,773,767,2,4,2,1,767,1,0
1863,C,771,765,2,4,5,0,765,0,2
1864,T,771,760,3,8,2,0,1,760,2
1865,T,771,761,7,3,0,0,6,761,1
1866,G,772,768,1,3,1,0,0,1,768
1867,C,772,756,5,11,1,1,756,1,3
1868,C,774,771,2,1,0,0,771,1,1
1869,C,773,753,17,3,7,0,753,0,17
1870,A,773,768,1,4,0,768,0,1,0
1871,G,773,769,2,2,0,1,0,1,769
1872,G,771,765,5,1,1,1,4,0,765
1873,A,771,762,3,6,1,762,0,0,3
1874,A,769,767,1,1,0,767,0,0,1
1875,G,769,762,1,6,2,0,1,0,762
1876,C,769,762,0,7,3,0,762,0,0
1877,C,769,763,3,3,3,0,763,3,0
1878,G,769,757,1,11,0,1,0,0,757
1879,G,770,765,0,5,2,0,0,0,765
1880,T,770,761,3,6,1,0,3,761,0
1881,G,770,764,4,2,0,0,4,0,764
1882,G,770,768,1,1,0,1,0,0,768
1883,T,770,765,4,1,0,0,4,765,0
1884,G,770,767,1,2,0,1,0,0,767
1885,C,769,766,1,2,3,0,766,1,0
1886,C,769,765,3,1,1,0,765,3,0
1887,G,768,761,4,3,1,4,0,0,761
1888,G,768,767,0,1,0,0,0,0,767
1889,T,767,763,3,1,6,0,3,763,0
1890,G,767,762,4,1,3,1,2,1,762
1891,A,767,764,3,0,3,764,0,0,3
1892,T,768,765,2,1,2,0,0,765,2
1893,C,767,756,7,4,4,0,756,2,5
1894,A,768,751,4,13,6,751,1,0,3
1895,G,770,763,4,3,3,3,0,1,763
1896,G,770,764,5,1,4,0,3,2,764
1897,A,770,759,4,7,13,759,0,1,3
1898,C,770,755,6,9,4,1,755,5,0
1899,T,771,760,2,9,2,1,1,760,0
1900,C,771,738,13,20,5,3,738,4,6
1901,G,772,768,2,2,1,2,0,0,768
1902,C,772,767,3,2,3,1,767,2,0
1903,T,772,759,4,9,3,0,3,759,1
1904,T,772,756,12,4,1,2,8,756,2
1905,T,772,766,3,3,6,0,0,766,3
1906,C,771,766,1,4,1,1,766,0,0
1907,C,771,764,1,6,0,0,764,1,0
1908,T,772,759,6,7,5,1,3,759,2
1909,C,772,764,5,3,7,0,764,5,0
1910,G,771,766,3,2,1,2,0,1,766
1911,C,771,769,1,1,3,0,769,0,1
1912,A,770,767,2,1,0,767,1,0,1
1913,G,770,769,0,1,1,0,0,0,769
1914,C,770,765,2,3,0,0,765,1,1
1915,T,769,763,5,1,0,0,4,763,1
1916,G,769,766,2,1,1,1,0,1,766
1917,T,771,771,0,0,10,0,0,771,0
1918,C,775,707,2,66,0,0,707,2,0
1919,C,775,774,1,0,0,0,774,1,0
1920,C,775,768,6,1,1,1,768,0,5
1921,A,774,771,2,1,2,771,1,0,1
1922,G,774,769,2,3,0,1,0,1,769
1923,G,774,771,2,1,1,1,1,0,771
1924,A,773,768,4,1,0,768,0,2,2
1925,C,773,769,2,2,1,1,769,1,0
1926,C,773,770,1,2,1,0,770,1,0
1927,T,774,760,0,14,1,0,0,760,0
1928,T,774,769,2,3,6,0,2,769,0
1929,G,774,737,1,36,0,0,0,1,737
1930,G,775,740,1,34,0,1,0,0,740
1931,A,775,740,1,34,1,740,1,0,0
1932,G,775,765,4,6,0,1,3,0,765
1933,G,776,769,0,7,1,0,0,0,769
1934,A,776,769,0,7,5,769,0,0,0
1935,G,776,773,1,2,0,0,1,0,773
1936,G,776,772,2,2,0,0,1,1,772
1937,A,776,774,1,1,2,774,0,0,1
1938,G,776,771,0,5,0,0,0,0,771
1939,G,776,762,1,13,1,0,0,1,762
1940,T,775,759,5,11,2,1,3,759,1
1941,G,776,774,0,2,3,0,0,0,774
1942,T,776,772,3,1,1,0,0,772,3
1943,C,776,761,11,4,4,3,761,8,0
1944,G,776,761,5,10,2,4,0,1,761
1945,G,777,771,1,5,0,0,1,0,771
1946,C,777,767,6,4,3,1,767,3,2
1947,G,778,772,5,1,2,5,0,0,772
1948,T,778,770,7,1,1,0,6,770,1
1949,G,778,774,3,1,1,0,3,0,774
1950,G,778,776,2,0,0,2,0,0,776
1951,T,778,774,3,1,4,0,3,774,0
1952,G,778,773,3,2,1,1,2,0,773
1953,G,778,775,1,2,2,0,1,0,775
1954,A,778,776,1,1,2,776,0,0,1
1955,C,778,774,3,1,1,2,774,0,1
1956,C,778,777,1,0,2,0,777,0,1
1957,T,778,778,0,0,0,0,0,778,0
1958,G,778,775,2,1,0,0,1,1,775
1959,C,778,777,0,1,1,0,777,0,0
1960,T,778,774,3,1,1,0,2,774,1
1961,G,777,764,6,7,1,0,6,0,764
1962,G,777,775,2,0,0,2,0,0,775
1963,A,777,777,0,0,0,777,0,0,0
1964,T,777,777,0,0,0,0,0,777,0
1965,G,777,766,8,3,3,5,3,0,766
1966,G,776,771,2,3,0,0,1,1,771
1967,C,776,770,1,5,0,0,770,0,1
1968,C,776,756,18,2,0,1,756,17,0
1969,T,772,766,3,3,0,2,0,766,1
1970,G,772,760,4,8,3,2,2,0,760
1971,C,771,760,2,9,5,0,760,1,1
1972,G,772,765,5,2,0,5,0,0,765
1973,G,769,762,4,3,1,2,2,0,762
1974,T,770,759,8,3,0,0,7,759,1
1975,T,771,760,11,0,14,2,4,760,5
1976,A,771,751,15,5,3,751,5,1,9
1977,G,772,762,6,4,5,2,4,0,762
1978,T,772,756,10,6,3,1,8,756,1
1979,A,775,746,14,15,2,746,0,3,11
1980,C,775,765,4,6,1,0,765,2,2
1981,T,777,760,14,3,1,1,8,760,5
1982,G,777,761,12,4,4,1,11,0,761
1983,C,779,766,6,7,13,1,766,0,5
1984,A,779,733,8,38,1,733,1,0,7
1985,A,779,770,3,6,0,770,0,3,0
1986,A,779,776,2,1,0,776,0,0,2
1987,A,779,770,9,0,1,770,1,0,8
1988,A,779,776,3,0,0,776,1,0,2
1989,G,779,775,3,1,2,3,0,0,775
1990,T,779,773,5,1,0,0,5,773,0
1991,G,780,776,1,3,2,0,1,0,776
1992,C,782,778,2,2,0,1,778,1,0
1993,T,782,780,1,1,1,1,0,780,0
1994,G,783,770,11,2,5,4,7,0,770
1995,G,783,780,2,1,0,1,0,1,780
1996,T,785,784,0,1,2,0,0,784,0
1997,C,785,771,9,5,4,2,771,3,4
1998,G,784,779,2,3,3,0,2,0,779
1999,G,784,781,3,0,0,2,1,0,781
2000,A,784,779,5,0,3,779,0,2,3
2001,T,784,780,4,0,2,0,3,780,1
2002,G,784,775,4,5,4,4,0,0,775
2003,A,784,777,4,3,1,777,0,0,4
2004,C,784,780,1,3,4,0,780,1,0
2005,G,784,780,4,0,2,3,0,1,780
2006,T,783,778,3,2,6,0,3,778,0
2007,G,783,773,8,2,0,4,3,1,773
2008,G,783,780,1,2,2,0,1,0,780
2009,C,784,780,3,1,2,0,780,3,0
2010,G,783,778,5,0,5,4,1,0,778
2011,T,784,773,1,10,2,0,1,773,0
2012,C,784,773,7,4,0,2,773,0,5
2013,T,785,778,3,4,3,1,0,778,2
2014,T,785,775,0,10,1,0,0,775,0
2015,G,784,772,1,11,1,0,1,0,772
2016,T,785,783,0,2,0,0,0,783,0
2017,G,785,777,2,6,3,0,2,0,777
2018,T,785,778,3,4,4,2,1,778,0
2019,C,785,748,30,7,3,8,748,3,19
2020,G,786,767,17,2,5,16,1,0,767
2021,A,790,789,0,1,1,789,0,0,0
2022,T,789,789,0,0,10,0,0,789,0
2023,G,790,773,2,15,0,0,2,0,773
2024,G,791,791,0,0,1,0,0,0,791
2025,G,790,783,6,1,2,5,0,1,783
2026,A,790,788,1,1,0,788,0,0,1
2027,A,791,788,1,2,0,788,1,0,0
2028,T,792,755,12,25,6,4,6,755,2
2029,G,792,720,47,25,3,2,41,4,720
2030,G,792,786,5,1,1,1,1,3,786
2031,G,791,780,8,3,2,3,1,4,780
2032,A,791,782,4,5,0,782,0,1,3
2033,C,791,775,6,10,5,2,775,3,1
2034,C,791,764,15,12,5,7,764,1,7
2035,A,791,747,38,6,3,747,4,3,31
2036,C,791,785,1,5,3,0,785,1,0
2037,A,791,743,33,15,6,743,12,1,20
2038,C,792,742,10,40,2,0,742,1,9
2039,C,793,786,3,4,1,0,786,1,2
2040,C,794,777,12,5,3,2,777,9,1
2041,G,793,774,13,6,0,5,3,5,774
2042,G,792,791,0,1,1,0,0,0,791
2043,C,791,786,1,4,2,1,786,0,0
2044,C,790,767,22,1,8,11,767,5,6
2045,G,792,778,6,8,0,5,1,0,778
2046,T,793,781,3,9,1,0,3,781,0
2047,G,791,789,1,1,1,1,0,0,789
2048,T,790,784,3,3,1,1,2,784,0
2049,G,790,783,3,4,0,3,0,0,783
2050,C,790,782,2,6,3,0,782,2,0
2051,T,790,783,2,5,14,1,1,783,0
2052,C,791,755,34,2,3,6,755,3,25
2053,A,791,784,6,1,3,784,3,0,3
2054,A,791,791,0,0,1,791,0,0,0
2055,A,791,790,0,1,0,790,0,0,0
2056,G,791,783,4,4,5,3,1,0,783
2057,C,791,768,7,16,1,6,768,1,0
2058,C,794,793,1,0,0,0,793,1,0
2059,C,795,792,3,0,1,3,792,0,0
2060,G,798,788,9,1,1,9,0,0,788
2061,T,797,796,0,1,1,0,0,796,0
2062,G,795,791,3,1,2,0,3,0,791
2063,G,794,790,2,2,0,2,0,0,790
2064,C,794,790,1,3,1,0,790,0,1
2065,A,793,788,2,3,0,788,1,0,1
2066,A,793,792,1,0,1,792,0,0,1
2067,T,793,784,5,4,5,2,2,784,1
2068,T,793,783,5,5,2,0,3,783,2
2069,G,793,784,2,7,0,0,2,0,784
2070,C,793,785,3,5,0,2,785,1,0
2071,T,792,785,5,2,3,0,5,785,0
2072,G,792,773,12,7,0,2,3,7,773
2073,C,793,781,6,6,1,0,781,5,1
2074,T,792,790,2,0,0,0,2,790,0
2075,G,793,781,4,8,1,1,2,1,781
2076,C,796,793,2,1,1,0,793,2,0
2077,C,796,789,3,4,2,1,789,2,0
2078,T,795,787,2,6,2,0,1,787,1
2079,C,795,792,0,3,1,0,792,0,0
2080,T,796,790,1,5,3,0,0,790,1
2081,G,796,788,2,6,2,0,1,1,788
2082,A,796,778,4,14,1,778,1,0,3
2083,A,796,795,1,0,0,795,0,0,1
2084,A,796,790,6,0,0,790,0,1,5
2085,C,797,793,4,0,3,0,793,1,3
2086,T,798,794,1,3,1,0,1,794,0
2087,C,798,790,5,3,3,1,790,0,4
2088,A,798,794,4,0,1,794,2,0,2
2089,C,798,797,1,0,0,0,797,0,1
2090,C,798,789,8,1,0,0,789,1,7
2091,A,798,792,4,2,0,792,1,0,3
2092,T,798,791,4,3,0,1,0,791,3
2093,T,798,797,1,0,0,0,1,797,0
2094,T,799,799,0,0,2,0,0,799,0
2095,T,798,790,8,0,9,0,3,790,5
2096,G,798,787,11,0,3,5,6,0,787
2097,A,798,793,3,2,0,793,0,2,1
2098,A,798,795,3,0,1,795,2,0,1
2099,T,797,795,1,1,1,1,0,795,0
2100,G,797,785,10,2,0,3,3,4,785
2101,A,797,792,2,3,0,792,1,0,1
2102,T,797,781,4,12,0,3,0,781,1
2103,T,797,785,4,8,0,0,4,785,0
2104,C,800,781,8,11,0,3,781,5,0
2105,T,800,788,4,8,2,0,3,788,1
2106,T,800,793,6,1,3,0,2,793,4
2107,A,799,799,0,0,4,799,0,0,0
2108,T,799,791,8,0,0,0,6,791,2
2109,A,799,792,3,4,4,792,0,1,2
2110,C,801,795,4,2,0,0,795,3,1
2111,T,801,779,3,19,6,0,1,779,2
2112,C,802,778,18,6,3,2,778,2,14
2113,A,804,793,4,7,1,793,1,0,3
2114,G,803,801,1,1,3,1,0,0,801
2115,A,804,800,1,3,0,800,0,0,1
2116,A,804,802,1,1,1,802,0,0,1
2117,G,804,802,1,1,0,0,0,1,802
2118,G,802,800,2,0,2,0,1,1,800
2119,A,802,792,9,1,0,792,2,5,2
2120,A,802,801,1,0,1,801,0,1,0
2121,A,802,798,2,2,3,798,0,0,2
2122,T,802,799,1,2,1,0,0,799,1
2123,G,802,796,6,0,1,1,3,2,796
2124,C,802,794,6,2,0,0,794,1,5
2125,T,802,790,3,9,2,0,3,790,0
2126,T,802,797,3,2,3,1,1,797,1
2127,A,802,794,4,4,1,794,1,0,3
2128,A,802,800,2,0,0,800,0,0,2
2129,C,802,801,1,0,0,0,801,1,0
2130,G,802,789,12,1,0,10,2,0,789
2131,A,802,799,0,3,2,799,0,0,0
2132,T,803,799,2,2,0,1,0,799,1
2133,T,803,802,1,0,0,0,1,802,0
2134,T,803,800,1,2,0,0,1,800,0
2135,C,806,793,7,6,1,2,793,3,2
2136,G,808,797,2,9,0,0,1,1,797
2137,G,808,808,0,0,0,0,0,0,808
2138,G,818,813,3,2,0,1,1,1,813
2139,T,818,810,4,4,1,0,2,810,2
2140,G,818,814,3,1,0,3,0,0,814
2141,T,816,810,4,2,5,1,3,810,0
2142,G,816,797,16,3,3,8,2,6,797
2143,A,816,811,3,2,0,811,2,0,1
2144,G,816,810,3,3,9,2,1,0,810
2145,T,817,811,3,3,0,0,3,811,0
2146,T,818,815,3,0,1,0,3,815,0
2147,G,818,813,2,3,2,1,1,0,813
2148,A,818,810,1,7,3,810,0,0,1
2149,C,819,811,0,8,9,0,811,0,0
2150,A,820,785,28,7,3,785,0,0,28
2151,A,820,815,1,4,3,815,0,0,1
2152,G,820,812,1,7,11,1,0,0,812
2153,G,819,624,0,195,4,0,0,0,624
2154,A,820,619,0,201,1,619,0,0,0
2155,G,820,801,0,19,2,0,0,0,801
2156,A,820,798,1,21,0,798,0,0,1
2157,G,820,798,5,17,4,5,0,0,798
2158,A,821,807,2,12,0,807,0,0,2
2159,G,822,805,3,14,4,3,0,0,805
2160,A,822,800,1,21,2,800,0,0,1
2161,G,822,783,6,33,10,6,0,0,783
2162,A,823,782,4,37,4,782,0,0,4
2163,A,824,813,3,8,3,813,0,0,3
2164,A,824,811,11,2,3,811,1,0,10
2165,A,824,807,16,1,0,807,0,0,16
2166,G,824,802,11,11,9,10,0,1,802
2167,A,824,805,2,17,1,805,0,0,2
2168,A,825,816,0,9,1,816,0,0,0
2169,G,825,810,4,11,1,3,0,1,810
2170,A,825,821,1,3,5,821,0,0,1
2171,G,825,820,1,4,1,1,0,0,820
2172,G,825,822,1,2,8,1,0,0,822
2173,A,825,801,1,23,0,801,0,0,1
2174,A,825,823,0,2,1,823,0,0,0
2175,A,825,823,2,0,1,823,0,0,2
2176,G,825,820,4,1,3,2,2,0,820
2177,G,825,821,4,0,0,2,0,2,821
2178,T,825,804,6,15,0,0,3,804,3
2179,A,825,788,36,1,1,788,4,0,32
2180,A,825,824,1,0,1,824,0,0,1
2181,T,825,806,4,15,2,3,0,806,1
2182,T,826,822,0,4,4,0,0,822,0
2183,C,826,762,25,39,39,14,762,5,6
2184,G,825,772,11,42,0,8,2,1,772
2185,G,826,822,3,1,0,1,0,2,822
2186,G,825,819,5,1,1,4,0,1,819
2187,G,825,820,4,1,0,2,0,2,820
2188,A,826,815,8,3,1,815,1,0,7
2189,C,826,824,1,1,3,1,824,0,0
2190,G,828,785,30,13,1,29,0,1,785
2191,G,828,820,4,4,3,3,1,0,820
2192,T,828,823,0,5,9,0,0,823,0
2193,G,828,784,27,17,4,11,14,2,784
2194,G,828,801,7,20,2,6,1,0,801
2195,T,828,794,19,15,13,3,16,794,0
2196,C,828,769,40,19,12,23,769,12,5
2197,T,828,790,20,18,13,9,4,790,7
2198,T,829,809,13,7,0,2,5,809,6
2199,T,829,817,5,7,1,0,2,817,3
2200,T,830,819,6,5,1,3,1,819,2
2201,A,830,800,21,9,2,800,17,1,3
2202,T,829,816,9,4,0,1,7,816,1
2203,A,829,792,18,19,1,792,5,11,2
2204,C,829,812,8,9,2,0,812,5,3
2205,C,829,825,3,1,2,0,825,0,3
2206,C,829,824,2,3,2,0,824,1,1
2207,T,830,805,3,22,2,0,3,805,0
2208,T,830,819,10,1,15,1,9,819,0
2209,G,831,804,20,7,1,3,16,1,804
2210,G,831,826,4,1,0,2,2,0,826
2211,C,829,813,8,8,5,0,813,2,6
2212,T,828,792,27,9,1,0,12,792,15
2213,A,828,732,33,63,3,732,10,10,13
2214,A,827,800,18,9,0,800,4,3,11
2215,A,827,816,8,3,1,816,1,4,3
2216,G,827,799,23,5,4,3,5,15,799
2217,T,826,817,5,4,2,3,2,817,0
2218,C,826,775,23,28,1,1,775,18,4
2219,C,827,817,7,3,4,1,817,4,2
2220,C,828,804,23,1,5,4,804,6,13
2221,A,828,817,10,1,2,817,0,1,9
2222,A,831,824,6,1,3,824,5,1,0
2223,C,831,827,3,1,2,0,827,1,2
2224,C,831,826,5,0,0,0,826,0,5
2225,A,831,830,1,0,0,830,0,0,1
2226,C,831,827,0,4,18,0,827,0,0
2227,A,830,817,1,12,1,817,0,0,1
2228,A,830,824,3,3,0,824,1,0,2
2229,A,830,826,2,2,0,826,1,0,1
2230,G,830,821,1,8,0,1,0,0,821
2231,C,830,828,2,0,41,1,828,1,0
2232,A,829,819,5,5,0,819,1,0,4
2233,A,829,827,1,1,0,827,0,1,0
2234,A,829,827,0,2,0,827,0,0,0
2235,A,829,826,0,3,0,826,0,0,0
2236,A,828,824,1,3,0,824,0,0,1
2237,A,828,824,1,3,0,824,0,0,1
2238,A,828,822,3,3,4,822,0,2,1
2239,T,828,812,2,14,0,0,2,812,0
2240,T,828,824,2,2,0,0,1,824,1
2241,T,829,826,1,2,0,0,1,826,0
2242,T,828,825,1,2,5,0,1,825,0
2243,C,828,795,29,4,1,1,795,5,23
2244,A,829,790,17,22,1,790,7,0,10
2245,G,830,821,3,6,2,3,0,0,821
2246,T,830,820,1,9,8,0,0,820,1
2247,A,829,810,13,6,2,810,10,0,3
2248,G,830,820,6,4,5,4,1,1,820
2249,T,830,818,5,7,1,2,2,818,1
2250,C,828,799,21,8,4,3,799,9,9
2251,T,829,812,10,7,0,1,3,812,6
2252,A,829,811,12,6,4,811,4,2,6
2253,T,829,790,10,29,3,3,7,790,0
2254,T,830,822,4,4,1,0,1,822,3
2255,T,830,823,2,5,7,0,2,823,0
2256,T,830,820,6,4,5,0,6,820,0
2257,G,831,804,10,17,3,1,5,4,804
2258,C,831,804,21,6,0,5,804,16,0
2259,G,831,819,6,6,1,5,0,1,819
2260,T,831,828,1,2,2,1,0,828,0
2261,C,833,818,1,14,1,0,818,1,0
2262,C,833,811,10,12,6,6,811,3,1
2263,G,831,810,7,14,1,2,1,4,810
2264,G,831,824,3,4,1,2,1,0,824
2265,C,824,818,3,3,0,0,818,2,1
2266,A,824,818,3,3,1,818,1,1,1
2267,T,824,819,2,3,8,1,0,819,1
2268,G,823,802,18,3,2,12,6,0,802
2269,G,823,816,5,2,1,4,1,0,816
2270,G,823,815,7,1,6,2,3,2,815
2271,T,823,812,9,2,5,1,6,812,2
2272,T,823,814,7,2,1,0,7,814,0
2273,A,823,805,11,7,3,805,2,4,5
2274,C,823,795,3,25,3,0,795,3,0
2275,C,823,817,2,4,1,0,817,2,0
2276,C,823,811,7,5,3,1,811,4,2
2277,G,823,804,6,13,0,3,1,2,804
2278,G,822,813,8,1,0,3,4,1,813
2279,A,823,821,1,1,0,821,0,0,1
2280,T,824,823,0,1,3,0,0,823,0
2281,G,824,810,12,2,4,5,7,0,810
2282,G,824,816,1,7,3,1,0,0,816
2283,C,824,816,1,7,3,1,816,0,0
2284,C,824,820,3,1,14,1,820,1,1
2285,A,824,805,6,13,1,805,1,0,5
2286,G,824,803,9,12,3,8,1,0,803
2287,A,824,812,4,8,0,812,2,0,2
2288,C,824,814,5,5,11,1,814,1,3
2289,A,824,791,2,31,0,791,1,0,1
2290,A,824,798,1,25,1,798,0,0,1
2291,A,824,794,5,25,0,794,1,1,3
2292,G,824,794,6,24,3,5,0,1,794
2293,A,824,806,10,8,2,806,3,1,6
2294,A,824,822,2,0,0,822,0,0,2
2295,A,825,820,5,0,2,820,3,1,1
2296,C,824,816,6,2,0,0,816,4,2
2297,T,824,818,4,2,3,1,2,818,1
2298,A,824,809,13,2,1,809,6,0,7
2299,G,824,804,10,10,4,7,1,2,804
2300,T,824,819,4,1,5,2,1,819,1
2301,A,824,802,15,7,1,802,4,4,7
2302,C,824,807,12,5,10,2,807,4,6
2303,A,824,808,5,11,1,808,1,1,3
2304,A,824,817,4,3,1,817,0,0,4
2305,A,824,824,0,0,0,824,0,0,0
2306,G,825,815,6,4,2,4,1,1,815
2307,T,825,808,9,8,0,6,2,808,1
2308,C,825,804,12,9,2,4,804,3,5
2309,T,825,821,3,1,3,1,1,821,1
2310,G,824,813,5,6,5,3,0,2,813
2311,A,823,819,1,3,1,819,0,0,1
2312,A,822,820,1,1,4,820,0,0,1
2313,C,821,810,9,2,4,1,810,2,6
2314,A,821,810,5,6,0,810,1,0,4
2315,A,821,815,3,3,2,815,1,0,2
2316,G,820,811,4,5,0,2,2,0,811
2317,C,820,809,7,4,1,2,809,4,1
2318,G,819,810,6,3,3,3,2,1,810
2319,T,820,810,7,3,11,1,3,810,3
2320,A,820,800,9,11,0,800,4,0,5
2321,G,820,799,17,4,5,4,11,2,799
2322,A,820,795,6,19,12,795,1,2,3
2323,T,820,814,4,2,1,0,1,814,3
2324,T,822,820,2,0,1,1,0,820,1
2325,C,823,801,12,10,2,1,801,4,7
2326,C,822,810,9,3,8,1,810,5,3
2327,A,822,804,14,4,4,804,2,0,12
2328,G,821,786,21,14,5,17,1,3,786
2329,A,820,805,10,5,13,805,2,1,7
2330,C,820,815,4,1,1,0,815,2,2
2331,T,820,817,2,1,4,0,2,817,0
2332,G,820,788,29,3,0,3,26,0,788
2333,C,820,810,8,2,4,2,810,0,6
2334,A,820,800,16,4,2,800,4,0,12
2335,G,820,804,7,9,2,3,1,3,804
2336,T,820,807,9,4,2,4,2,807,3
2337,A,821,793,14,14,2,793,6,1,7
2338,C,821,795,8,18,1,1,795,2,5
2339,C,821,814,5,2,2,1,814,2,2
2340,C,822,810,6,6,5,1,810,4,1
2341,T,824,811,6,7,1,1,2,811,3
2342,A,824,785,7,32,2,785,2,2,3
2343,C,823,803,6,14,1,1,803,4,1
2344,G,823,809,5,9,1,4,0,1,809
2345,C,823,810,1,12,0,0,810,0,1
2346,C,823,815,2,6,0,0,815,0,2
2347,C,823,798,7,18,2,2,798,3,2
2348,T,823,776,22,25,3,3,19,776,0
2349,T,823,817,4,2,3,2,1,817,1
2350,A,823,813,4,6,1,813,0,0,4
2351,A,823,815,4,4,1,815,2,0,2
2352,C,823,813,6,4,11,0,813,3,3
2353,G,824,818,4,2,1,3,0,1,818
2354,G,824,824,0,0,1,0,0,0,824
2355,C,824,817,3,4,4,1,817,0,2
2356,A,824,811,7,6,5,811,1,0,6
2357,A,824,820,3,1,3,820,0,1,2
2358,G,824,812,7,5,1,4,1,2,812
2359,T,824,817,5,2,1,1,3,817,1
2360,G,824,815,5,4,0,1,3,1,815
2361,T,824,819,3,2,6,2,1,819,0
2362,G,824,804,7,13,2,1,6,0,804
2363,G,825,818,3,4,0,2,1,0,818
2364,G,825,809,13,3,0,11,1,1,809
2365,A,825,813,5,7,6,813,0,2,3
2366,A,825,814,7,4,7,814,3,2,2
2367,C,828,809,12,7,2,7,809,5,0
2368,C,828,823,3,2,13,1,823,1,1
2369,G,832,780,2,50,0,0,0,2,780
2370,G,832,826,2,4,0,1,0,1,826
2371,G,832,826,2,4,0,1,0,1,826
2372,G,831,822,5,4,2,4,1,0,822
2373,G,830,816,10,4,2,4,4,2,816
2374,A,830,826,1,3,1,826,0,0,1
2375,G,830,823,6,1,1,3,1,2,823
2376,G,830,824,4,2,1,1,1,2,824
2377,T,830,817,2,11,0,1,0,817,1
2378,T,830,815,11,4,1,0,8,815,3
2379,T,832,818,13,1,3,0,12,818,1
2380,G,832,826,4,2,5,0,3,1,826
2381,A,832,811,5,16,0,811,1,2,2
2382,T,832,808,8,16,2,0,2,808,6
2383,A,833,825,8,0,0,825,3,0,5
2384,T,833,824,6,3,1,1,5,824,0
2385,G,838,829,4,5,4,2,1,1,829
2386,T,838,826,7,5,6,0,4,826,3
2387,G,841,807,4,30,1,1,2,1,807
2388,G,841,829,5,7,1,0,3,2,829
2389,G,840,837,2,1,2,2,0,0,837
2390,G,840,839,1,0,2,0,1,0,839
2391,T,839,836,3,0,2,0,2,836,1
2392,G,839,832,3,4,4,2,1,0,832
2393,A,837,818,2,17,3,818,0,1,1
2394,A,838,820,7,11,26,820,0,1,6
2395,G,835,793,5,37,6,4,1,0,793
2396,G,835,820,5,10,0,4,1,0,820
2397,G,835,824,7,4,0,6,1,0,824
2398,G,835,823,10,2,2,6,3,1,823
2399,G,833,820,4,9,2,2,0,2,820
2400,C,833,804,2,27,3,1,804,1,0
2401,T,832,804,7,21,3,3,0,804,4
2402,C,832,802,15,15,0,5,802,6,4
2403,T,833,816,10,7,9,0,2,816,8
2404,C,833,774,34,25,1,6,774,11,17
2405,G,834,813,9,12,3,4,2,3,813
2406,C,835,785,8,42,1,1,785,4,3
2407,C,835,767,57,11,11,21,767,33,3
2408,G,834,785,26,23,3,6,2,18,785
2409,G,835,811,16,8,0,15,1,0,811
2410,G,835,821,8,6,1,7,0,1,821
2411,G,835,809,11,15,1,4,2,5,809
2412,T,836,810,8,18,4,3,3,810,2
2413,T,837,786,48,3,20,6,38,786,4
2414,G,837,794,23,20,3,9,11,3,794
2415,G,840,824,7,9,0,3,4,0,824
2416,G,840,829,6,5,1,1,4,1,829
2417,C,841,806,10,25,5,3,806,2,5
2418,C,843,822,11,10,4,2,822,3,6
2419,C,843,817,20,6,6,4,817,7,9
2420,G,843,768,65,10,4,63,2,0,768
2421,C,843,833,2,8,19,0,833,2,0
2422,T,841,803,30,8,0,1,5,803,24
2423,A,843,813,15,15,6,813,1,10,4
2424,C,843,833,3,7,16,0,833,3,0
2425,T,844,810,25,9,23,1,14,810,10
2426,G,844,803,31,10,1,2,29,0,803
2427,G,844,838,5,1,1,4,0,1,838
2428,G,844,836,7,1,3,1,1,5,836
2429,T,845,843,2,0,6,2,0,843,0
2430,C,845,819,24,2,8,10,819,3,11
2431,A,846,820,24,2,2,820,2,4,18
2432,A,846,833,12,1,16,833,0,9,3
2433,T,846,836,8,2,1,3,5,836,0
2434,T,846,842,3,1,3,1,2,842,0
2435,T,845,835,6,4,14,1,5,835,0
2436,G,845,785,32,28,4,2,23,7,785
2437,G,845,827,14,4,1,5,7,2,827
2438,G,845,837,7,1,1,4,2,1,837
2439,G,844,838,5,1,3,2,1,2,838
2440,T,844,835,4,5,10,2,0,835,2
2441,C,844,819,19,6,7,3,819,3,13
2442,A,844,803,27,14,0,803,1,1,25
2443,A,844,832,10,2,5,832,0,6,4
2444,T,843,832,7,4,5,4,1,832,2
2445,T,843,828,13,2,14,3,9,828,1
2446,G,843,806,15,22,1,1,13,1,806
2447,G,843,835,4,4,0,0,1,3,835
2448,G,842,837,1,4,0,1,0,0,837
2449,G,841,829,8,4,1,5,1,2,829
2450,C,840,822,12,6,0,1,822,5,6
2451,A,840,824,14,2,0,824,0,2,12
2452,A,840,839,0,1,1,839,0,0,0
2453,T,840,822,4,14,1,4,0,822,0
2454,T,840,828,10,2,12,0,7,828,3
2455,G,840,803,14,23,0,0,12,2,803
2456,G,840,832,4,4,0,0,2,2,832
2457,G,840,831,7,2,1,6,1,0,831
2458,G,839,827,10,2,4,6,3,1,827
2459,C,839,824,12,3,0,5,824,4,3
2460,T,840,831,5,4,2,0,4,831,1
2461,G,840,826,8,6,33,2,4,2,826
2462,T,841,700,2,139,2,1,0,700,1
2463,T,843,821,11,11,1,5,4,821,2
2464,T,843,832,10,1,2,2,7,832,1
2465,T,843,835,8,0,0,2,5,835,1
2466,T,843,839,4,0,4,0,4,839,0
2467,T,843,834,6,3,31,2,2,834,2
2468,G,844,822,14,8,2,0,11,3,822
2469,G,842,832,6,4,1,5,1,0,832
2470,G,842,824,12,6,2,7,4,1,824
2471,A,841,827,2,12,2,827,1,0,1
2472,C,841,821,13,7,0,6,821,4,3
2473,A,840,836,0,4,2,836,0,0,0
2474,C,838,817,11,10,2,1,817,3,7
2475,A,838,812,9,17,2,812,2,2,5
2476,A,838,831,6,1,0,831,0,1,5
2477,A,837,830,4,3,0,830,1,3,0
2478,T,836,824,8,4,2,0,1,824,7
2479,A,836,814,14,8,0,814,4,7,3
2480,C,836,820,8,8,0,1,820,4,3
2481,G,837,827,6,4,1,5,1,0,827
2482,C,838,829,0,9,1,0,829,0,0
2483,C,838,828,6,4,1,1,828,5,0
2484,G,838,828,6,4,3,6,0,0,828
2485,C,838,832,2,4,1,1,832,1,0
2486,C,836,829,5,2,5,0,829,1,4
2487,A,836,824,10,2,0,824,1,4,5
2488,A,836,832,2,2,0,832,1,0,1
2489,C,836,827,2,7,3,2,827,0,0
2490,C,841,836,3,2,2,0,836,2,1
2491,C,841,827,12,2,4,1,827,8,3
2492,G,841,817,18,6,5,10,5,3,817
2493,G,841,836,2,3,3,0,1,1,836
2494,T,841,831,5,5,2,4,0,831,1
2495,C,841,826,8,7,0,4,826,3,1
2496,T,841,834,5,2,5,3,2,834,0
2497,C,844,831,8,5,3,6,831,1,1
2498,T,844,838,1,5,3,0,1,838,0
2499,G,844,833,5,6,2,0,5,0,833
2500,G,844,842,2,0,1,1,1,0,842
2501,T,844,843,1,0,0,0,0,843,1
2502,A,845,839,4,2,1,839,3,0,1
2503,C,846,830,5,11,2,1,830,4,0
2504,C,846,836,7,3,1,1,836,6,0
2505,T,847,843,3,1,1,0,2,843,1
2506,C,846,836,9,1,7,0,836,0,9
2507,A,846,843,3,0,0,843,1,0,2
2508,A,846,846,0,0,0,846,0,0,0
2509,A,846,843,3,0,0,843,2,1,0
2510,C,846,834,12,0,1,6,834,3,3
2511,T,847,835,6,6,0,0,5,835,1
2512,T,847,843,3,1,0,1,1,843,1
2513,T,848,840,8,0,7,1,6,840,1
2514,G,846,830,11,5,0,2,7,2,830
2515,G,846,842,2,2,0,1,0,1,842
2516,A,846,843,1,2,2,843,0,0,1
2517,C,846,844,2,0,2,1,844,0,1
2518,A,845,839,4,2,0,839,0,1,3
2519,A,846,841,1,4,1,841,0,0,1
2520,G,847,845,0,2,0,0,0,0,845
2521,G,847,845,0,2,0,0,0,0,845
2522,A,850,844,1,5,7,844,1,0,0
2523,C,850,847,1,2,20,0,847,0,1
2524,G,850,783,3,64,2,1,2,0,783
2525,A,850,791,4,55,2,791,3,0,1
2526,G,850,811,3,36,3,1,1,1,811
2527,A,850,806,9,35,1,806,0,0,9
2528,A,850,848,2,0,0,848,0,1,1
2529,A,850,847,3,0,1,847,1,0,2
2530,T,850,848,2,0,1,0,1,848,1
2531,G,850,824,23,3,0,6,16,1,824
2532,G,849,842,7,0,1,4,1,2,842
2533,G,849,842,7,0,2,3,0,4,842
2534,T,849,837,3,9,11,1,0,837,2
2535,C,849,812,27,10,0,20,812,5,2
2536,T,850,847,3,0,4,2,1,847,0
2537,C,847,798,31,18,3,7,798,6,18
2538,G,847,834,5,8,3,5,0,0,834
2539,A,850,849,1,0,15,849,1,0,0
2540,C,850,840,1,9,1,1,840,0,0
2541,C,850,843,7,0,8,1,843,5,1
2542,G,848,791,18,39,3,5,13,0,791
2543,A,848,811,4,33,0,811,0,1,3
2544,G,846,834,8,4,6,6,0,2,834
2545,T,845,827,5,13,1,0,3,827,2
2546,A,846,834,10,2,6,834,6,1,3
2547,T,848,839,7,2,1,2,1,839,4
2548,A,852,847,4,1,2,847,1,0,3
2549,T,852,842,9,1,7,3,6,842,0
2550,G,851,830,18,3,1,2,13,3,830
2551,G,853,851,1,1,0,0,1,0,851
2552,G,853,851,2,0,0,0,2,0,851
2553,T,853,846,6,1,1,0,3,846,3
2554,G,852,845,3,4,0,1,0,2,845
2555,C,852,845,6,1,2,1,845,0,5
2556,A,852,835,17,0,0,835,2,0,15
2557,C,852,849,3,0,0,0,849,3,0
2558,T,852,845,0,7,4,0,0,845,0
2559,T,853,845,7,1,3,2,5,845,0
2560,G,850,840,8,2,3,6,2,0,840
2561,A,850,849,1,0,0,849,1,0,0
2562,C,850,849,1,0,8,0,849,1,0
2563,G,850,831,18,1,1,11,2,5,831
2564,T,851,848,2,1,0,1,0,848,1
2565,T,851,848,3,0,2,0,2,848,1
2566,T,851,846,5,0,8,3,1,846,1
2567,G,851,842,8,1,3,3,4,1,842
2568,A,851,848,3,0,2,848,1,0,2
2569,G,851,845,2,4,1,1,0,1,845
2570,C,850,839,10,1,1,0,839,8,2
2571,T,851,833,16,2,2,0,3,833,13
2572,G,860,836,10,14,0,3,7,0,836
2573,C,861,844,10,7,9,7,844,2,1
2574,G,862,821,22,19,2,6,13,3,821
2575,A,861,840,7,14,8,840,1,1,5
2576,G,864,816,7,41,2,7,0,0,816
2577,G,864,859,3,2,14,3,0,0,859
2578,G,862,857,3,2,3,2,1,0,857
2579,A,862,851,9,2,0,851,1,0,8
2580,G,862,824,12,26,5,12,0,0,824
2581,C,862,841,15,6,2,6,841,7,2
2582,G,862,809,27,26,7,25,2,0,809
2583,T,863,812,12,39,1,4,7,812,1
2584,A,863,782,63,18,8,782,54,1,8
2585,T,863,817,5,41,16,1,3,817,1
2586,C,863,737,73,53,5,8,737,11,54
2587,T,863,837,6,20,6,3,3,837,0
2588,C,863,797,35,31,10,4,797,5,26
2589,T,863,762,36,65,6,1,5,762,30
2590,A,863,738,37,88,6,738,20,8,9
2591,T,863,738,58,67,13,6,52,738,0
2592,T,863,806,23,34,22,0,22,806,1
2593,C,863,699,17,147,0,1,699,11,5
2594,C,863,699,69,95,0,0,699,67,2
2595,C,879,862,7,10,1,1,862,3,3
2596,C,882,880,1,1,0,1,880,0,0
2597,C,879,857,10,12,8,1,857,1,8
2598,A,878,864,2,12,0,864,1,0,1
2599,G,880,874,1,5,0,1,0,0,874
2600,T,876,861,11,4,3,3,5,861,3
2601,A,876,869,5,2,0,869,0,0,5
2602,A,876,872,1,3,1,872,0,0,1
2603,C,876,871,4,1,0,1,871,1,2
2604,A,877,862,12,3,1,862,2,0,10
2605,C,878,876,1,1,3,0,876,1,0
2606,A,881,866,10,5,0,866,1,1,8
2607,C,884,881,1,2,1,0,881,1,0
2608,A,884,873,6,5,4,873,1,0,5
2609,G,887,882,4,1,2,4,0,0,882
2610,C,887,882,3,2,1,0,882,2,1
2611,G,890,868,21,1,0,17,4,0,868
2612,C,891,887,4,0,2,1,887,2,1
2613,T,892,888,4,0,3,2,1,888,1
2614,A,893,882,8,3,2,882,0,0,8
2615,A,892,886,4,2,2,886,0,0,4
2616,C,890,890,0,0,2,0,890,0,0
2617,A,891,875,14,2,1,875,4,2,8
2618,T,892,889,1,2,6,0,1,889,0
2619,A,894,888,3,3,1,888,1,0,2
2620,A,895,894,1,0,1,894,0,0,1
2621,T,898,894,3,1,11,2,1,894,0
2622,C,901,895,3,3,1,2,895,0,1
2623,C,901,895,3,3,3,1,895,0,2
2624,G,899,891,4,4,2,3,0,1,891
2625,C,899,891,5,3,4,0,891,3,2
2626,A,896,884,9,3,1,884,3,1,5
2627,A,896,894,0,2,1,894,0,0,0
2628,C,896,884,9,3,1,0,884,8,1
2629,G,896,881,11,4,1,6,3,2,881
2630,C,896,893,1,2,1,0,893,1,0
2631,A,897,885,8,4,2,885,1,0,7
2632,C,897,892,3,2,0,0,892,3,0
2633,C,897,888,9,0,0,0,888,5,4
2634,A,898,888,9,1,11,888,1,0,8
2635,C,901,894,4,3,5,0,894,4,0
2636,T,902,898,1,3,6,0,0,898,1
2637,C,903,889,6,8,0,1,889,2,3
2638,C,903,894,7,2,7,2,894,1,4
2639,A,903,889,7,7,2,889,2,0,5
2640,A,902,899,2,1,1,899,0,0,2
2641,A,902,901,0,1,0,901,0,0,0
2642,A,903,897,4,2,5,897,1,1,2
2643,C,905,901,2,2,5,0,901,1,1
2644,T,905,887,11,7,4,9,0,887,2
2645,A,905,869,31,5,4,869,26,4,1
2646,G,906,883,18,5,0,10,8,0,883
2647,G,906,897,7,2,2,6,0,1,897
2648,A,906,902,1,3,0,902,0,1,0
2649,C,906,900,3,3,0,2,900,0,1
2650,A,906,896,9,1,1,896,0,1,8
2651,T,906,889,7,10,1,1,1,889,5
2652,T,907,896,10,1,5,0,9,896,1
2653,C,906,902,2,2,1,0,902,1,1
2654,C,906,904,2,0,0,1,904,0,1
2655,A,906,903,1,2,2,903,1,0,0
2656,T,905,901,1,3,2,0,1,901,0
2657,G,904,896,7,1,0,1,3,3,896
2658,T,903,876,10,17,0,0,9,876,1
2659,T,901,884,3,14,1,0,2,884,1
2660,T,901,882,5,14,2,1,1,882,3
2661,C,901,878,7,16,26,3,878,4,0
2662,T,902,886,3,13,3,1,2,886,0
2663,T,902,898,4,0,2,2,1,898,1
2664,G,899,889,8,2,1,1,4,3,889
2665,G,899,895,2,2,1,1,1,0,895
2666,C,899,891,3,5,0,1,891,2,0
2667,A,898,889,5,4,3,889,1,0,4
2668,C,898,889,1,8,3,0,889,1,0
2669,C,899,880,16,3,5,1,880,12,3
2670,G,900,888,9,3,5,5,1,3,888
2671,T,900,895,2,3,6,2,0,895,0
2672,C,901,869,32,0,5,15,869,7,10
2673,G,901,896,2,3,3,1,1,0,896
2674,T,901,899,1,1,2,0,0,899,1
2675,G,901,890,7,4,4,1,5,1,890
2676,G,902,897,2,3,2,1,0,1,897
2677,C,902,892,5,5,2,3,892,2,0
2678,A,901,899,1,1,2,899,0,0,1
2679,T,901,900,0,1,2,0,0,900,0
2680,C,899,891,8,0,1,1,891,6,1
2681,G,898,887,11,0,1,10,1,0,887
2682,C,898,895,3,0,2,1,895,2,0
2683,T,901,885,6,10,1,0,5,885,1
2684,T,901,892,2,7,2,0,2,892,0
2685,G,902,875,7,20,1,3,4,0,875
2686,G,901,879,5,17,1,3,2,0,879
2687,C,901,884,0,17,2,0,884,0,0
2688,A,901,882,3,16,0,882,0,0,3
2689,G,901,862,11,28,1,5,5,1,862
2690,G,902,898,2,2,1,1,1,0,898
2691,G,901,898,1,2,0,0,1,0,898
2692,C,901,895,1,5,1,0,895,0,1
2693,G,898,889,6,3,0,6,0,0,889
2694,C,898,888,3,7,1,1,888,0,2
2695,T,899,888,3,8,2,0,2,888,1
2696,A,899,885,10,4,1,885,2,0,8
2697,T,900,897,0,3,0,0,0,897,0
2698,C,900,843,55,2,5,11,843,2,42
2699,G,902,899,0,3,1,0,0,0,899
2700,T,903,897,3,3,1,1,2,897,0
2701,G,904,889,7,8,3,1,6,0,889
2702,C,903,890,6,7,1,1,890,4,1
2703,A,902,900,1,1,1,900,1,0,0
2704,G,902,897,3,2,1,3,0,0,897
2705,T,902,888,8,6,2,4,2,888,2
2706,T,901,879,6,16,4,0,4,879,2
2707,A,902,850,24,28,3,850,7,7,10
2708,C,902,877,13,12,3,0,877,13,0
2709,T,902,889,10,3,0,1,4,889,5
2710,A,902,880,17,5,0,880,12,1,4
2711,T,902,896,4,2,8,0,2,896,2
2712,A,901,867,25,9,0,867,23,2,0
2713,G,901,890,5,6,1,4,1,0,890
2714,G,901,893,3,5,1,1,2,0,893
2715,A,899,893,2,4,0,893,1,0,1
2716,C,898,893,2,3,3,2,893,0,0
2717,G,899,884,12,3,3,9,1,2,884
2718,G,899,891,3,5,3,0,2,1,891
2719,C,899,860,1,38,0,0,860,0,1
2720,C,901,883,7,11,0,5,883,1,1
2721,C,902,891,4,7,1,2,891,2,0
2722,C,903,900,2,1,3,0,900,1,1
2723,C,903,891,4,8,0,1,891,3,0
2724,T,904,889,2,13,1,0,0,889,2
2725,G,904,896,2,6,5,0,2,0,896
2726,C,904,895,1,8,8,0,895,1,0
2727,T,905,899,5,1,15,0,2,899,3
2728,A,905,878,22,5,4,878,3,2,17
2729,A,905,899,4,2,0,899,0,0,4
2730,A,907,901,4,2,0,901,4,0,0
2731,C,907,899,5,3,0,0,899,1,4
2732,C,908,894,14,0,1,2,894,0,12
2733,A,909,900,9,0,9,900,1,0,8
2734,T,910,905,1,4,2,0,1,905,0
2735,G,909,885,17,7,0,3,13,1,885
2736,C,909,891,7,11,2,1,891,3,3
2737,A,909,894,9,6,5,894,0,2,7
2738,A,909,902,7,0,2,902,1,0,6
2739,G,909,889,13,7,4,4,7,2,889
2740,C,910,895,15,0,9,1,895,9,5
2741,T,911,900,6,5,2,1,5,900,0
2742,T,911,908,2,1,3,0,2,908,0
2743,C,911,888,14,9,7,3,888,11,0
2744,G,912,891,5,16,3,4,1,0,891
2745,A,911,894,0,17,6,894,0,0,0
2746,G,912,903,3,6,4,1,0,2,903
2747,A,913,906,1,6,4,906,0,1,0
2748,T,913,900,5,8,3,2,3,900,0
2749,T,913,908,5,0,0,0,5,908,0
2750,A,913,907,4,2,2,907,2,0,2
2751,A,915,912,2,1,0,912,1,0,1
2752,A,916,912,3,1,1,912,1,0,2
2753,C,915,914,0,1,1,0,914,0,0
2754,A,917,912,5,0,1,912,0,1,4
2755,C,916,915,1,0,0,1,915,0,0
2756,T,916,914,0,2,9,0,0,914,0
2757,G,916,905,10,1,0,1,9,0,905
2758,A,915,908,5,2,3,908,1,2,2
2759,T,914,906,4,4,0,2,1,906,1
2760,T,914,909,3,2,1,0,3,909,0
2761,T,913,901,10,2,3,0,10,901,0
2762,A,913,905,5,3,0,905,1,1,3
2763,C,913,909,2,2,0,0,909,0,2
2764,A,912,909,2,1,1,909,0,0,2
2765,C,913,911,1,1,1,0,911,1,0
2766,T,913,910,1,2,0,0,1,910,0
2767,T,913,910,2,1,0,0,2,910,0
2768,G,913,901,7,5,1,0,7,0,901
2769,C,911,907,1,3,0,0,907,0,1
2770,A,912,904,8,0,4,904,0,0,8
2771,C,911,910,1,0,4,1,910,0,0
2772,G,910,902,8,0,0,7,0,1,902
2773,T,910,909,1,0,4,0,0,909,1
2774,G,908,893,8,7,1,3,3,2,893
2775,G,907,904,3,0,2,1,2,0,904
2776,A,907,904,3,0,1,904,1,0,2
2777,T,907,898,3,6,1,1,1,898,1
2778,T,907,898,7,2,0,0,6,898,1
2779,G,906,892,11,3,2,1,7,3,892
2780,C,906,895,5,6,0,0,895,3,2
2781,C,906,906,0,0,1,0,906,0,0
2782,A,907,901,6,0,5,901,1,0,5
2783,C,907,906,0,1,5,0,906,0,0
2784,G,907,879,25,3,2,17,2,6,879
2785,A,907,906,0,1,1,906,0,0,0
2786,T,907,904,1,2,5,1,0,904,0
2787,C,906,883,20,3,2,13,883,3,4
2788,G,906,893,8,5,0,7,1,0,893
2789,C,906,902,3,1,1,2,902,0,1
2790,C,905,902,3,0,1,2,902,1,0
2791,T,905,900,3,2,2,1,0,900,2
2792,C,904,883,19,2,3,13,883,0,6
2793,G,903,893,8,2,1,7,0,1,893
2794,T,903,899,2,2,0,0,2,899,0
2795,G,902,893,2,7,1,1,1,0,893
2796,C,901,894,3,4,0,1,894,2,0
2797,C,901,884,14,3,3,2,884,2,10
2798,G,901,889,10,2,0,4,2,4,889
2799,T,900,893,3,4,1,3,0,893,0
2800,T,899,898,0,1,5,0,0,898,0
2801,C,899,893,3,3,2,0,893,1,2
2802,A,899,872,2,25,0,872,0,0,2
2803,G,899,888,5,6,0,5,0,0,888
2804,G,899,898,0,1,0,0,0,0,898
2805,C,899,894,3,2,0,1,894,1,1
2806,T,899,891,2,6,0,0,1,891,1
2807,T,899,894,1,4,1,0,1,894,0
2808,T,899,897,2,0,3,0,2,897,0
2809,G,899,891,8,0,0,2,6,0,891
2810,G,898,896,2,0,0,0,0,2,896
2811,T,897,897,0,0,3,0,0,897,0
2812,G,896,885,4,7,1,0,4,0,885
2813,G,895,888,6,1,2,4,2,0,888
2814,A,895,890,2,3,1,890,0,0,2
2815,A,893,888,1,4,2,888,0,0,1
2816,G,893,886,4,3,2,3,1,0,886
2817,C,893,888,4,1,1,0,888,2,2
2818,T,893,881,3,9,4,1,1,881,1
2819,A,893,872,8,13,1,872,2,3,3
2820,A,893,882,4,7,2,882,3,0,1
2821,G,893,887,2,4,1,2,0,0,887
2822,G,893,885,3,5,2,1,0,2,885
2823,T,893,874,6,13,0,1,3,874,2
2824,T,893,885,4,4,4,1,3,885,0
2825,C,893,882,8,3,1,6,882,0,2
2826,A,892,889,1,2,0,889,0,0,1
2827,T,892,887,3,2,4,0,2,887,1
2828,G,892,890,1,1,0,0,1,0,890
2829,G,892,888,3,1,1,3,0,0,888
2830,C,892,890,2,0,1,0,890,2,0
2831,T,892,887,4,1,1,0,3,887,1
2832,G,892,883,4,5,3,1,2,1,883
2833,G,892,886,1,5,1,1,0,0,886
2834,T,891,880,5,6,1,4,1,880,0
2835,C,889,878,11,0,3,9,878,1,1
2836,T,889,882,3,4,2,0,3,882,0
2837,T,889,888,1,0,1,0,1,888,0
2838,C,889,882,5,2,2,0,882,1,4
2839,C,889,887,2,0,4,0,887,0,2
2840,A,888,880,1,7,2,880,1,0,0
2841,A,887,881,5,1,0,881,0,0,5
2842,G,887,883,2,2,0,2,0,0,883
2843,G,887,885,2,0,0,1,0,1,885
2844,G,887,883,4,0,2,1,1,2,883
2845,T,887,885,1,1,1,1,0,885,0
2846,C,886,880,5,1,0,2,880,3,0
2847,T,886,881,1,4,0,0,1,881,0
2848,T,886,886,0,0,1,0,0,886,0
2849,G,885,882,1,2,0,0,0,1,882
2850,G,884,880,4,0,1,1,2,1,880
2851,A,884,884,0,0,0,884,0,0,0
2852,G,884,883,1,0,0,1,0,0,883
2853,G,884,883,1,0,0,1,0,0,883
2854,T,882,877,4,1,5,0,3,877,1
2855,G,882,874,4,4,1,0,3,1,874
2856,G,880,878,1,1,7,1,0,0,878
2857,G,877,874,1,2,2,1,0,0,874
2858,T,877,870,4,3,1,1,0,870,3
2859,G,877,874,1,2,1,1,0,0,874
2860,T,874,865,6,3,7,2,4,865,0
2861,G,874,856,8,10,1,0,8,0,856
2862,A,872,854,8,10,10,854,5,0,3
2863,G,871,858,10,3,3,6,2,2,858
2864,A,870,865,3,2,2,865,0,2,1
2865,T,870,868,1,1,4,0,1,868,0
2866,A,869,841,11,17,8,841,4,0,7
2867,C,869,858,0,11,2,0,858,0,0
2868,A,869,853,10,6,10,853,2,0,8
2869,C,869,853,3,13,13,0,853,3,0
2870,G,868,850,10,8,2,3,7,0,850
2871,G,868,855,10,3,2,7,1,2,855
2872,C,868,864,1,3,2,0,864,1,0
2873,A,866,851,12,3,4,851,0,0,12
2874,T,864,862,1,1,2,0,1,862,0
2875,C,863,844,16,3,2,0,844,2,14
2876,G,863,856,4,3,4,4,0,0,856
2877,T,863,857,3,3,1,0,3,857,0
2878,T,861,848,6,7,1,0,5,848,1
2879,G,861,848,6,7,7,1,2,3,848
2880,T,861,849,7,5,0,0,6,849,1
2881,T,860,853,3,4,0,0,2,853,1
2882,T,860,851,6,3,0,1,5,851,0
2883,G,860,851,5,4,5,1,1,3,851
2884,C,860,849,8,3,2,0,849,8,0
2885,T,860,852,1,7,2,0,1,852,0
2886,T,859,855,0,4,0,0,0,855,0
2887,G,859,843,10,6,2,0,4,6,843
2888,T,859,831,6,22,1,0,5,831,1
2889,T,856,845,3,8,0,1,2,845,0
2890,T,856,847,0,9,2,0,0,847,0
2891,C,856,841,5,10,6,2,841,3,0
2892,T,856,840,4,12,0,0,3,840,1
2893,T,856,837,1,18,8,0,1,837,0
2894,T,853,825,3,25,4,0,1,825,2
2895,A,853,808,20,25,2,808,9,4,7
2896,T,852,850,0,2,0,0,0,850,0
2897,C,852,841,8,3,1,0,841,2,6
2898,T,852,841,3,8,0,0,2,841,1
2899,G,852,840,2,10,8,0,2,0,840
2900,C,852,836,12,4,7,5,836,6,1
2901,G,850,824,26,0,2,23,3,0,824
2902,A,849,842,5,2,1,842,0,1,4
2903,C,848,836,11,1,2,2,836,4,5
2904,T,847,813,5,29,1,0,5,813,0
2905,T,846,842,3,1,1,2,1,842,0
2906,G,845,835,8,2,1,6,0,2,835
2907,A,845,843,1,1,0,843,0,0,1
2908,T,845,844,1,0,5,1,0,844,0
2909,G,845,833,10,2,0,3,6,1,833
2910,G,845,839,4,2,3,2,2,0,839
2911,A,845,839,2,4,0,839,1,0,1
2912,A,844,837,5,2,4,837,2,1,2
2913,C,844,828,8,8,0,1,828,4,3
2914,C,844,839,5,0,1,2,839,3,0
2915,C,844,839,3,2,2,1,839,1,1
2916,T,844,837,1,6,1,0,0,837,1
2917,G,844,838,4,2,2,0,3,1,838
2918,C,844,827,7,10,2,2,827,5,0
2919,T,844,836,2,6,2,0,2,836,0
2920,C,844,835,4,5,0,0,835,2,2
2921,C,844,832,6,6,2,2,832,3,1
2922,T,844,834,3,7,1,2,0,834,1
2923,C,844,828,11,5,7,2,828,1,8
2924,A,843,826,11,6,2,826,1,0,10
2925,G,843,838,3,2,1,2,0,1,838
2926,T,842,834,8,0,5,0,7,834,1
2927,G,842,834,7,1,0,3,4,0,834
2928,A,842,839,3,0,2,839,0,0,3
2929,C,842,837,5,0,4,0,837,4,1
2930,T,842,836,4,2,1,0,1,836,3
2931,C,842,828,13,1,2,3,828,1,9
2932,A,842,836,3,3,0,836,1,1,1
2933,A,842,841,0,1,2,841,0,0,0
2934,T,842,839,3,0,1,1,2,839,0
2935,C,842,823,18,1,1,2,823,7,9
2936,G,842,830,12,0,0,12,0,0,830
2937,C,842,840,1,1,5,0,840,1,0
2938,T,840,839,0,1,15,0,0,839,0
2939,C,840,798,20,22,10,4,798,2,14
2940,A,840,743,25,72,11,743,2,2,21
2941,A,840,774,5,61,5,774,3,0,2
2942,G,840,812,1,27,6,0,1,0,812
2943,A,840,814,0,26,10,814,0,0,0
2944,G,840,829,1,10,0,1,0,0,829
2945,G,840,829,4,7,1,3,0,1,829
2946,A,840,829,4,7,4,829,0,3,1
2947,C,840,821,9,10,2,1,821,6,2
2948,T,840,828,5,7,1,2,3,828,0
2949,C,840,817,15,8,1,1,817,4,10
2950,T,839,838,0,1,4,0,0,838,0
2951,C,839,837,2,0,4,0,837,1,1
2952,C,838,835,0,3,8,0,835,0,0
2953,T,838,835,0,3,3,0,0,835,0
2954,C,838,827,4,7,11,1,827,3,0
2955,T,838,826,3,9,9,1,0,826,2
2956,A,838,791,20,27,1,791,6,12,2
2957,G,837,829,5,3,1,4,1,0,829
2958,A,837,835,0,2,1,835,0,0,0
2959,G,837,836,0,1,0,0,0,0,836
2960,C,837,836,0,1,0,0,836,0,0
2961,C,837,837,0,0,1,0,837,0,0
2962,G,836,827,8,1,0,8,0,0,827
2963,T,836,829,1,6,0,1,0,829,0
2964,T,835,832,3,0,14,1,2,832,0
2965,A,835,822,10,3,4,822,9,0,1
2966,G,835,830,4,1,5,2,2,0,830
2967,G,835,835,0,0,1,0,0,0,835
2968,A,835,831,3,1,2,831,0,0,3
2969,G,835,834,0,1,0,0,0,0,834
2970,A,834,833,1,0,0,833,0,0,1
2971,T,834,833,0,1,2,0,0,833,0
2972,C,834,800,27,7,1,2,800,0,25
2973,A,834,806,6,22,3,806,0,0,6
2974,G,833,830,0,3,2,0,0,0,830
2975,T,833,832,1,0,3,1,0,832,0
2976,G,832,796,33,3,0,5,27,1,796
2977,G,831,815,8,8,0,7,1,0,815
2978,T,831,815,5,11,1,2,2,815,1
2979,G,831,820,6,5,2,4,1,1,820
2980,T,831,788,3,40,0,2,1,788,0
2981,T,830,806,13,11,2,0,11,806,2
2982,T,828,805,19,4,9,6,11,805,2
2983,G,828,778,32,18,2,24,7,1,778
2984,A,827,809,6,12,7,809,3,2,1
2985,G,827,807,17,3,0,15,0,2,807
2986,G,826,801,21,4,5,18,0,3,801
2987,T,826,795,24,7,0,7,2,795,15
2988,T,825,814,10,1,2,7,2,814,1
2989,C,825,777,37,11,5,15,777,12,10
2990,C,825,807,14,4,0,12,807,0,2
2991,G,825,798,24,3,4,21,0,3,798
2992,T,825,817,4,4,2,2,0,817,2
2993,A,823,781,22,20,28,781,2,7,13
2994,C,823,741,13,69,3,1,741,5,7
2995,C,823,808,9,6,0,1,808,1,7
2996,C,823,819,3,1,5,0,819,0,3
2997,C,822,790,30,2,48,20,790,0,10
2998,G,822,800,10,12,6,10,0,0,800
2999,A,822,814,1,7,1,814,0,0,1
3000,A,822,818,0,4,0,818,0,0,0
3001,G,821,782,6,33,5,6,0,0,782
3002,G,821,808,9,4,2,9,0,0,808
3003,A,821,813,0,8,3,813,0,0,0
3004,G,821,758,13,50,48,5,0,8,758
3005,T,819,572,6,241,0,0,0,572,6
3006,T,819,732,1,86,0,1,0,732,0
3007,T,819,765,5,49,0,1,1,765,3
3008,T,819,800,5,14,0,2,1,800,2
3009,T,819,807,8,4,0,2,5,807,1
3010,T,819,811,5,3,5,0,2,811,3
3011,T,819,810,2,7,1,0,0,810,2
3012,C,819,793,6,20,6,1,793,0,5
3013,T,818,812,1,5,3,0,0,812,1
3014,C,818,765,9,44,0,1,765,5,3
3015,C,818,818,0,0,0,0,818,0,0
3016,C,817,811,6,0,2,0,811,6,0
3017,T,813,808,2,3,15,0,0,808,2
3018,G,810,795,7,8,3,0,5,2,795
3019,A,810,795,5,10,0,795,5,0,0
3020,G,807,799,2,6,0,0,1,1,799
3021,A,801,786,3,12,0,786,0,0,3
3022,C,801,798,2,1,4,1,798,1,0
3023,A,801,765,11,25,2,765,0,3,8
3024,T,800,773,2,25,1,0,1,773,1
3025,A,800,777,19,4,2,777,7,1,11
3026,T,800,794,4,2,2,2,1,794,1
3027,A,800,769,8,23,1,769,3,0,5
3028,C,799,782,4,13,1,0,782,2,2
3029,A,798,779,10,9,4,779,1,3,6
3030,C,797,793,1,3,0,1,793,0,0
3031,G,797,793,2,2,0,2,0,0,793
3032,C,797,791,1,5,1,1,791,0,0
3033,C,795,789,2,4,1,2,789,0,0
3034,G,793,789,0,4,1,0,0,0,789
3035,T,793,789,2,2,1,1,0,789,1
3036,A,786,780,3,3,0,780,2,1,0
3037,C,781,770,5,6,0,0,770,4,1
3038,T,781,778,0,3,1,0,0,778,0
3039,C,781,773,7,1,1,1,773,3,3
3040,A,780,776,3,1,3,776,0,0,3
3041,T,780,778,1,1,0,0,0,778,1
3042,T,780,780,0,0,0,0,0,780,0
3043,G,779,772,6,1,2,2,2,2,772
3044,A,779,777,0,2,1,777,0,0,0
3045,T,779,772,3,4,0,0,2,772,1
3046,A,779,777,1,1,0,777,1,0,0
3047,T,779,776,1,2,2,0,1,776,0
3048,C,779,778,0,1,0,0,778,0,0
3049,T,779,775,4,0,2,0,3,775,1
3050,C,779,778,1,0,1,0,778,1,0
3051,G,778,773,5,0,0,5,0,0,773
3052,C,778,778,0,0,0,0,778,0,0
3053,T,778,778,0,0,0,0,0,778,0
3054,G,777,775,2,0,2,2,0,0,775
3055,G,777,775,2,0,0,0,0,2,775
3056,C,776,775,1,0,1,0,775,0,1
3057,C,775,771,3,1,0,1,771,0,2
3058,G,775,766,7,2,1,6,1,0,766
3059,T,775,770,3,2,1,1,1,770,1
3060,T,775,770,2,3,1,0,2,770,0
3061,G,775,759,12,4,1,3,8,1,759
3062,C,775,769,3,3,6,0,769,0,3
3063,A,774,764,8,2,0,764,0,0,8
3064,A,774,771,2,1,1,771,0,0,2
3065,A,774,772,1,1,1,772,0,1,0
3066,T,774,771,0,3,0,0,0,771,0
3067,C,774,724,47,3,3,37,724,0,10
3068,G,773,761,7,5,1,0,5,2,761
3069,T,773,764,4,5,0,2,0,764,2
3070,G,773,765,7,1,4,0,7,0,765
3071,T,773,771,0,2,0,0,0,771,0
3072,A,772,762,6,4,0,762,3,0,3
3073,C,772,761,4,7,7,0,761,4,0
3074,A,771,699,9,63,1,699,1,1,7
3075,G,770,748,4,18,2,1,3,0,748
3076,A,769,758,4,7,0,758,0,1,3
3077,G,766,751,7,8,10,0,2,5,751
3078,T,765,760,3,2,28,2,0,760,1
3079,A,765,735,17,13,2,735,10,5,2
3080,G,765,741,15,9,2,8,4,3,741
3081,A,765,741,4,20,3,741,3,0,1
3082,A,764,757,7,0,0,757,1,4,2
3083,T,762,757,5,0,10,0,3,757,2
3084,G,762,749,6,7,0,2,3,1,749
3085,G,762,761,1,0,0,1,0,0,761
3086,G,762,759,3,0,1,1,2,0,759
3087,C,761,761,0,0,0,0,761,0,0
3088,C,761,755,6,0,0,5,755,1,0
3089,T,761,753,7,1,2,0,7,753,0
3090,T,760,758,1,1,1,0,0,758,1
3091,C,760,730,18,12,1,1,730,0,17
3092,G,759,747,6,6,0,5,1,0,747
3093,A,758,745,11,2,1,745,0,0,11
3094,A,757,756,1,0,1,756,0,0,1
3095,C,757,757,0,0,3,0,757,0,0
3096,A,744,733,5,6,1,733,0,0,5
3097,A,741,735,2,4,4,735,1,0,1
3098,G,733,730,1,2,0,1,0,0,730
3099,G,723,721,2,0,0,2,0,0,721
3100,T,722,719,3,0,0,0,0,719,3
3101,T,715,715,0,0,0,0,0,715,0
3102,C,700,700,0,0,0,0,700,0,0
3103,C,688,688,0,0,0,0,688,0,0
